codigo_unidade,ano_previsao,demanda_prevista_inscritos,demanda_prevista_efetiva,demanda_efetiva_p025,demanda_efetiva_p975,capacidade_ano_anterior
10041,2026,,600.0311406036278,,,
10052,2026,,533.6061357287658,,,
7040,2026,,469.1529581080231,,,
8016,2026,,463.5082543870224,,,
10051,2026,,443.8992190379689,,,
8009,2026,,400.8124694263529,,,
817807,2026,,390.0057154400801,,,
10072,2026,,381.2978236649009,,,
9035,2026,,362.5317337892392,,,
7041,2026,,359.80053476058896,,,
7037,2026,,352.0713296318437,,,
9042,2026,,350.27573268192384,,,
7014,2026,,345.9389468148901,,,
716821,2026,,339.77736474235377,,,
7013,2026,,334.7262352233565,,,
817619,2026,,331.2207698014489,,,
716819,2026,,319.52005951987906,,,
918807,2026,,314.76847645299466,,,
833601,2026,,310.3082176373899,,,
817808,2026,,305.8432636183354,,,
5010,2026,,296.6482136102836,,,
5014,2026,,290.9087361262291,,,
7044,2026,,277.7556273025587,,,
1120605,2026,,263.99440789010885,,,
918606,2026,,256.1759448464569,,,
4027,2026,,250.80848807616215,,,
9046,2026,,246.43549764421329,,,
817815,2026,,245.46961288714127,,,
10069,2026,,245.13658984400143,,,
1026809,2026,,232.0333209560574,,,
9036,2026,,230.35910796333005,,,
716818,2026,,225.5672301878649,,,
6015,2026,,221.171197462116,,,
724804,2026,,215.4580801917052,,,
7015,2026,,215.02956207029723,,,
3006,2026,,214.0775137963149,,,
514602,2026,,213.86688270964865,,,
7038,2026,,212.41490957681592,,,
8010,2026,,211.62256936700263,,,
7042,2026,,210.3518142330348,,,
6003,2026,,208.62432239789013,,,
1010,2026,,207.40366796374667,,,
7027,2026,,206.79420433428115,,,
918835,2026,,206.48630031400972,,,
7020,2026,,204.93761431275124,,,
6017,2026,,202.96870661110196,,,
4023,2026,,202.00314269579044,,,
9027,2026,,201.9744372803314,,,
716603,2026,,196.06373619223064,,,
625816,2026,,195.55306013543964,,,
107610,2026,,195.1091602866205,,,
3037,2026,,192.9524548842707,,,
4030,2026,,189.65218320063855,,,
716822,2026,,189.41464916479816,,,
6016,2026,,187.1182341948964,,,
625614,2026,,186.93475364938567,,,
5015,2026,,186.4480127725464,,,
9031,2026,,185.6931559322404,,,
8007,2026,,185.65462095362943,,,
430815,2026,,184.2321548019394,,,
9014,2026,,184.04083601717028,,,
4022,2026,,179.19150520393703,,,
734802,2026,,179.08994285099274,,,
205601,2026,,178.78673188788733,,,
4040,2026,,177.78619197043872,,,
716614,2026,,176.98311535108172,,,
2048,2026,,176.91945540786332,,,
625802,2026,,174.16618774250003,,,
716803,2026,,173.82075911747484,,,
716613,2026,,172.32203079999687,,,
5006,2026,,171.07223505243255,,,
9021,2026,,170.51101271357564,,,
9026,2026,,170.44539900573736,,,
10022,2026,,169.6542350506406,,,
6009,2026,,168.0026014174561,,,
1019623,2026,,166.67958149736717,,,
9033,2026,,164.4469865745408,,,
4016,2026,,164.22622866240368,,,
430801,2026,,163.7571375992735,,,
724801,2026,,163.5382109188284,,,
4024,2026,,162.61184927132456,,,
9028,2026,,162.50343363305583,,,
9040,2026,,159.20623075899695,,,
625611,2026,,158.42852062999296,,,
918620,2026,,156.6676512470051,,,
2046,2026,,155.92337178695914,,,
5016,2026,,154.14340879383022,,,
716807,2026,,153.66921156066445,,,
1026807,2026,,153.018850754778,,,
3040,2026,,152.6343515224563,,,
10055,2026,,152.4050737746652,,,
9020,2026,,151.8339313855232,,,
11006,2026,,150.62468974639808,,,
1019612,2026,,150.5825296508383,,,
8015,2026,,150.03565716886368,,,
7018,2026,,148.50987444388156,,,
7039,2026,,148.23658213047827,,,
10019,2026,,147.9577203297705,,,
10027,2026,,147.11303904583076,,,
6002,2026,,144.92314005286403,,,
7004,2026,,144.587598561605,,,
9045,2026,,143.91790360379622,,,
5001,2026,,139.8721825912295,,,
3002,2026,,139.81724141309374,,,
9013,2026,,139.5645130178774,,,
817609,2026,,138.55961330740968,,,
716808,2026,,138.54930642210886,,,
6004,2026,,137.95245097312986,,,
7036,2026,,137.6672952571404,,,
3022,2026,,136.98913466135326,,,
9038,2026,,136.79495245395242,,,
6012,2026,,135.93961302071298,,,
8021,2026,,135.5348758468255,,,
918601,2026,,135.51279563287386,,,
716606,2026,,135.2648595540987,,,
4015,2026,,134.6004827583643,,,
4038,2026,,134.0474419161361,,,
3033,2026,,132.9934422018363,,,
6001,2026,,132.25785341270424,,,
9041,2026,,132.23210979420514,,,
10032,2026,,132.2154166733284,,,
1004,2026,,131.792360827162,,,
1019628,2026,,131.72009475619132,,,
724602,2026,,130.9424456756028,,,
10035,2026,,130.85631605050054,,,
10054,2026,,130.6115335693239,,,
10075,2026,,130.1524157788301,,,
724601,2026,,129.71727872318075,,,
3014,2026,,129.6915529533377,,,
716812,2026,,129.48857810720938,,,
833811,2026,,129.46240969254734,,,
625604,2026,,128.21575234408394,,,
8024,2026,,128.1317210244233,,,
716813,2026,,127.88289462978976,,,
625606,2026,,127.83193183880492,,,
6013,2026,,127.5335362027924,,,
622804,2026,,127.12272620551856,,,
6007,2026,,126.39842147903757,,,
8018,2026,,125.76538413453228,,,
430603,2026,,124.91470699929243,,,
833603,2026,,124.69924352374738,,,
3026,2026,,124.50324785898124,,,
7019,2026,,123.82708624780336,,,
1009,2026,,123.04880791578192,,,
4036,2026,,122.95453749322792,,,
918837,2026,,122.59003547031745,,,
4018,2026,,122.19047927494938,,,
817504,2026,,122.11006606603016,,,
10060,2026,,121.77922564246413,,,
1019606,2026,,121.52005919183745,,,
313611,2026,,121.28482271361568,,,
8011,2026,,121.27489470654044,,,
10056,2026,,120.99462639176689,,,
625820,2026,,120.90672414671342,,,
4041,2026,,120.40708172225916,,,
817804,2026,,119.68046958628628,,,
204602,2026,,119.42232401356532,,,
4003,2026,,119.09405143063648,,,
625612,2026,,118.54350667588444,,,
3024,2026,,118.22710256161758,,,
9008,2026,,117.47192440012708,,,
4021,2026,,117.14135216401804,,,
10043,2026,,116.86634702443584,,,
625804,2026,,116.86101059550305,,,
817605,2026,,116.74479289144716,,,
817801,2026,,116.4334157906381,,,
4042,2026,,116.17394801214016,,,
716820,2026,,115.91028060115698,,,
716605,2026,,115.5051138124904,,,
3025,2026,,115.24366416545855,,,
9017,2026,,114.89109914338304,,,
7035,2026,,114.74313571036336,,,
724603,2026,,114.5898429501471,,,
515602,2026,,114.5784290786244,,,
10026,2026,,114.3907821665348,,,
918619,2026,,114.35764090538878,,,
515801,2026,,114.00503764500512,,,
918831,2026,,113.24530699276065,,,
625803,2026,,112.35781306425493,,,
10065,2026,,112.24746951318735,,,
4006,2026,,111.8195681029245,,,
1019620,2026,,111.41065346843249,,,
515808,2026,,110.53384706870943,,,
716607,2026,,109.36369722679304,,,
410808,2026,,108.95732680884308,,,
3012,2026,,108.55264924044312,,,
5013,2026,,107.94214698546602,,,
8014,2026,,107.789173180415,,,
833602,2026,,107.70133099836522,,,
430602,2026,,107.34166186535715,,,
1006,2026,,107.22073830988928,,,
9025,2026,,107.11012402960526,,,
4025,2026,,106.53212669488116,,,
515809,2026,,106.42766769952829,,,
328602,2026,,105.85671047087617,,,
4017,2026,,105.40025451865438,,,
515810,2026,,105.39454934626715,,,
103801,2026,,105.0235228598338,,,
107604,2026,,104.91762625213978,,,
10073,2026,,104.49809812242232,,,
716608,2026,,103.73000639599964,,,
9032,2026,,103.69667180981293,,,
4048,2026,,103.35176822416967,,,
7034,2026,,103.34382887932706,,,
918833,2026,,103.34084213825987,,,
625607,2026,,103.2925524131811,,,
123603,2026,,103.2210373039696,,,
625814,2026,,102.94847243771363,,,
9022,2026,,102.66743997124442,,,
206602,2026,,102.54900987776765,,,
1019830,2026,,102.26667097641864,,,
11004,2026,,101.83813708364896,,,
411601,2026,,101.69979916606728,,,
918613,2026,,101.6809701239053,,,
4045,2026,,101.4347865748951,,,
10036,2026,,101.27065684628984,,,
3021,2026,,100.9513857403647,,,
716609,2026,,99.98074146587363,,,
10011,2026,,99.64478838857744,,,
8013,2026,,99.52495583969488,,,
1120606,2026,,99.15809097391312,,,
918816,2026,,99.08196116693443,,,
208608,2026,,98.91854602359672,,,
515608,2026,,98.86606269584394,,,
101605,2026,,98.78848518880436,,,
312502,2026,,98.7490669776684,,,
4012,2026,,98.48204540289755,,,
101603,2026,,98.4813935473671,,,
102601,2026,,98.16329381979838,,,
430811,2026,,97.87792683058206,,,
4010,2026,,97.83352589009834,,,
10006,2026,,97.6005089679754,,,
410801,2026,,97.5470109575815,,,
4047,2026,,97.28457269304288,,,
625818,2026,,96.81600708917728,,,
4005,2026,,96.31686538691709,,,
103807,2026,,96.00771133531744,,,
817616,2026,,95.95843168347638,,,
622601,2026,,95.77762646498635,,,
2028,2026,,94.8088789695021,,,
515604,2026,,94.3510633269079,,,
7003,2026,,94.24195675959578,,,
107607,2026,,93.74223620057556,,,
9034,2026,,93.16351632276866,,,
8004,2026,,92.4371963738421,,,
2037,2026,,92.41983401382926,,,
10039,2026,,92.16461350046728,,,
227801,2026,,91.76953084404336,,,
4044,2026,,91.67547552371178,,,
5005,2026,,91.42726434936634,,,
5008,2026,,90.75319196353468,,,
817810,2026,,90.09049464101624,,,
4035,2026,,90.06245767879062,,,
4001,2026,,89.91150148653153,,,
4029,2026,,89.38303744663655,,,
1019829,2026,,89.22457488919879,,,
817612,2026,,89.1831771437048,,,
2039,2026,,89.12424011453918,,,
5012,2026,,88.95894464365581,,,
430810,2026,,88.9581274426959,,,
817803,2026,,88.76519031077044,,,
514608,2026,,88.66664896899296,,,
102604,2026,,88.44439794953725,,,
7007,2026,,88.30035263903643,,,
625817,2026,,87.94953565662789,,,
515611,2026,,87.91724854704526,,,
3028,2026,,87.86540906896066,,,
622603,2026,,87.68846006507825,,,
817603,2026,,87.53461041407414,,,
4004,2026,,87.29266704083696,,,
4050,2026,,87.08094152635746,,,
515613,2026,,86.96116629878462,,,
716604,2026,,86.82685906998825,,,
3013,2026,,86.79535157068028,,,
6006,2026,,86.50188581155493,,,
312813,2026,,86.34928014436058,,,
622801,2026,,85.81616688912236,,,
4046,2026,,84.64878606540213,,,
625603,2026,,84.64565749519896,,,
1026601,2026,,84.61332436269912,,,
3016,2026,,84.59337208431683,,,
11003,2026,,84.35503566786097,,,
431604,2026,,84.18582707857091,,,
3008,2026,,83.89129544177243,,,
625815,2026,,83.88655279999085,,,
9007,2026,,83.20446677398525,,,
10085,2026,,83.05319845702861,,,
4011,2026,,83.0346443581228,,,
734804,2026,,82.4741892938152,,,
2010,2026,,82.23387643313058,,,
625615,2026,,81.99877923115986,,,
10079,2026,,81.98656049542875,,,
103606,2026,,81.58752677397058,,,
4014,2026,,80.91492466598697,,,
102605,2026,,80.76355180271769,,,
313802,2026,,80.53612391352318,,,
817602,2026,,80.0888369706588,,,
7001,2026,,79.90876024161865,,,
2060,2026,,79.80634582129534,,,
2004,2026,,79.54010398480504,,,
918838,2026,,79.15040973222375,,,
2053,2026,,78.86396846021236,,,
1019602,2026,,78.81724043127589,,,
514605,2026,,78.24255418905125,,,
2056,2026,,78.16592541461918,,,
11008,2026,,78.03372644435214,,,
515605,2026,,77.96606328466228,,,
10066,2026,,77.80424427306639,,,
312602,2026,,77.53282055180411,,,
918803,2026,,77.51192920462678,,,
9024,2026,,77.46851634960252,,,
5003,2026,,77.34964212712147,,,
918828,2026,,77.14473843917706,,,
10077,2026,,77.02174277073428,,,
625602,2026,,76.92157239837562,,,
918822,2026,,76.67401215103308,,,
10046,2026,,76.65228043763734,,,
9044,2026,,76.59774768280495,,,
625601,2026,,76.41663421819075,,,
10071,2026,,76.2999584048183,,,
724606,2026,,76.21861375725811,,,
430809,2026,,76.13620899342565,,,
209602,2026,,76.11100949927005,,,
625616,2026,,76.00003231761534,,,
1120603,2026,,75.85327616956826,,,
107602,2026,,75.81515441519778,,,
312805,2026,,75.74190980184108,,,
1019826,2026,,75.68721476593706,,,
2043,2026,,75.62036801155759,,,
833807,2026,,75.45593850447072,,,
10057,2026,,75.43658284020925,,,
625819,2026,,74.91057062733066,,,
4034,2026,,74.84980992741677,,,
817615,2026,,74.82811468167242,,,
817607,2026,,74.68215943167208,,,
101607,2026,,74.59035696539438,,,
918806,2026,,74.49263447111824,,,
3030,2026,,74.45184848672015,,,
205602,2026,,74.42998721951183,,,
515612,2026,,74.36160322605477,,,
3007,2026,,74.28176488612024,,,
724807,2026,,73.86211804465783,,,
724803,2026,,73.79432635589055,,,
2003,2026,,73.6598725914331,,,
2044,2026,,73.15188596941253,,,
514607,2026,,73.0083573908173,,,
8005,2026,,72.3240220487086,,,
103605,2026,,72.2965989813261,,,
1120801,2026,,72.20804653033171,,,
817608,2026,,72.12874222000183,,,
2029,2026,,72.07217141742596,,,
9023,2026,,71.94341858706667,,,
102606,2026,,71.83478662568736,,,
9030,2026,,71.7861866516576,,,
313610,2026,,71.73785178434304,,,
4032,2026,,71.70059932677427,,,
918815,2026,,71.21621191727257,,,
9009,2026,,71.20217022580722,,,
3020,2026,,71.16578038659915,,,
2055,2026,,70.87632423890491,,,
918616,2026,,70.66903952575134,,,
514606,2026,,70.46114138099551,,,
10076,2026,,70.176258412955,,,
4020,2026,,70.10243605297813,,,
716809,2026,,70.06798909904157,,,
3038,2026,,70.05478803470679,,,
716801,2026,,70.01712588514752,,,
625801,2026,,69.93219154750673,,,
313612,2026,,69.42792083232602,,,
817601,2026,,68.12117231106562,,,
734805,2026,,67.98117784521943,,,
411801,2026,,67.93376380341331,,,
208603,2026,,67.78159796209039,,,
716802,2026,,67.72301495544599,,,
10081,2026,,67.6867596294251,,,
123601,2026,,67.6819054443522,,,
10045,2026,,67.59651880369705,,,
312806,2026,,66.90665620403422,,,
1007,2026,,66.76820103712853,,,
734602,2026,,66.46814570905114,,,
515807,2026,,66.16177650508757,,,
208604,2026,,66.15851748552697,,,
918830,2026,,66.04835817800297,,,
3019,2026,,66.01023495661107,,,
3015,2026,,65.8490185499263,,,
8023,2026,,65.82819386469113,,,
3036,2026,,65.57590489992383,,,
817617,2026,,65.45180624635914,,,
7008,2026,,65.30753260561325,,,
107605,2026,,65.25089340088854,,,
918805,2026,,64.95594904552247,,,
313608,2026,,64.84367717549603,,,
734601,2026,,64.71880102918819,,,
4008,2026,,64.63096843859407,,,
204805,2026,,64.11167725967154,,,
313801,2026,,64.0007884264694,,,
102602,2026,,63.83552610579231,,,
817614,2026,,63.68104434338037,,,
10058,2026,,63.475265808168594,,,
312812,2026,,63.4566692369766,,,
817814,2026,,63.00806759778213,,,
10034,2026,,62.8962994287574,,,
313607,2026,,62.59564920504656,,,
410805,2026,,62.40475779550908,,,
2025,2026,,62.33635765708739,,,
430805,2026,,62.268756777025175,,,
10044,2026,,62.19796302398027,,,
2047,2026,,62.02544391502733,,,
2049,2026,,61.90760497303532,,,
312601,2026,,61.79820771984297,,,
431602,2026,,61.77474905739767,,,
3003,2026,,61.67719475731779,,,
3039,2026,,61.506828143518334,,,
622602,2026,,61.41174129106634,,,
10059,2026,,61.38690950941603,,,
209608,2026,,61.33747619581815,,,
7045,2026,,61.15716064612411,,,
103607,2026,,60.75135913225636,,,
312603,2026,,60.74028548411451,,,
8019,2026,,60.30092504062284,,,
1019607,2026,,60.10040180614802,,,
918839,2026,,59.99243789424891,,,
2040,2026,,59.95058845693917,,,
101802,2026,,59.88148308591632,,,
10067,2026,,59.46601651172609,,,
313603,2026,,59.11587452572674,,,
515606,2026,,59.11136736064597,,,
9011,2026,,58.43040974779604,,,
9004,2026,,58.37964446871614,,,
4007,2026,,58.24243582114844,,,
4009,2026,,58.118188687975305,,,
208601,2026,,57.97618185777798,,,
101601,2026,,57.31937962384286,,,
515607,2026,,57.2230046012337,,,
625609,2026,,56.93298434031252,,,
734603,2026,,56.68299881869959,,,
9019,2026,,56.606617369859286,,,
625605,2026,,56.575390881413526,,,
4049,2026,,56.53083241405295,,,
734803,2026,,56.26669292782319,,,
431603,2026,,56.22210831188681,,,
734801,2026,,56.219046740006895,,,
4002,2026,,56.1791260281581,,,
11001,2026,,56.176139527727294,,,
312804,2026,,56.085025594657566,,,
313805,2026,,56.05512290167911,,,
514609,2026,,55.84280559028743,,,
918832,2026,,55.79673242297724,,,
410802,2026,,55.4322680142015,,,
328801,2026,,55.28318595809399,,,
817806,2026,,55.16498842282705,,,
329801,2026,,55.02578644079311,,,
1026810,2026,,54.94574017009849,,,
2009,2026,,54.826119919125794,,,
918617,2026,,54.7016970394448,,,
10082,2026,,54.57279786691406,,,
918824,2026,,54.39402214967631,,,
430807,2026,,54.28029100006215,,,
2001,2026,,54.14274893142226,,,
313604,2026,,54.06865918450966,,,
209610,2026,,53.71345344015828,,,
918823,2026,,53.31364339943391,,,
3009,2026,,52.78183878090936,,,
209609,2026,,52.78172438317783,,,
312801,2026,,52.72907955671141,,,
103604,2026,,52.66432325504543,,,
10018,2026,,52.54347187992799,,,
4043,2026,,52.446317162164895,,,
918826,2026,,52.04650877817065,,,
918827,2026,,51.83522374227304,,,
3029,2026,,51.75835327742694,,,
410807,2026,,51.59435202774215,,,
431605,2026,,51.37164138754069,,,
208801,2026,,51.217229439897615,,,
625610,2026,,51.18525473500579,,,
205801,2026,,51.09654210471869,,,
107603,2026,,51.0463282711783,,,
431802,2026,,51.03320953868084,,,
4039,2026,,51.02451745488844,,,
101801,2026,,50.8916528846485,,,
209601,2026,,50.8716743963992,,,
1019611,2026,,50.86702376473926,,,
8008,2026,,50.75127725015492,,,
10061,2026,,50.74991407801167,,,
833806,2026,,50.73076936840141,,,
918817,2026,,50.56785444678344,,,
10010,2026,,50.22517869266771,,,
918814,2026,,50.180281620160926,,,
103804,2026,,50.03239708831989,,,
2054,2026,,49.92919809302039,,,
514801,2026,,49.91416686483686,,,
1019801,2026,,49.80763273246227,,,
3035,2026,,49.74385595705265,,,
107609,2026,,49.67908354598983,,,
10037,2026,,49.67356877571975,,,
2022,2026,,49.6512601478943,,,
10078,2026,,49.62817671866371,,,
313602,2026,,49.598745268923984,,,
10029,2026,,49.39964012059762,,,
622805,2026,,49.20350722984586,,,
716611,2026,,48.968162588327424,,,
209607,2026,,48.679323452402265,,,
3001,2026,,48.57692603390799,,,
2014,2026,,48.44748813643676,,,
1019631,2026,,48.440744057013454,,,
2019,2026,,48.1205526309363,,,
206606,2026,,48.08163183747232,,,
2038,2026,,48.03136758006925,,,
2011,2026,,47.96847964318029,,,
313606,2026,,47.94043795639735,,,
103805,2026,,47.93176443787823,,,
330602,2026,,47.82939646904085,,,
918808,2026,,47.673925985951456,,,
208606,2026,,47.67249505295046,,,
2041,2026,,47.65008012853636,,,
1005,2026,,47.54906647015542,,,
10023,2026,,47.51790962725153,,,
10063,2026,,47.44240914718299,,,
918621,2026,,47.30389827870472,,,
2016,2026,,46.74373184798833,,,
7002,2026,,46.72451217932502,,,
103602,2026,,46.66335672899112,,,
918615,2026,,46.633235743312376,,,
10033,2026,,46.60533084407941,,,
1026803,2026,,46.33895743620592,,,
8002,2026,,46.33185752944691,,,
3034,2026,,46.30336052864362,,,
1026604,2026,,45.9933742302235,,,
3031,2026,,45.97076939108566,,,
411605,2026,,45.94290241432799,,,
514601,2026,,45.8326513175047,,,
10064,2026,,45.82507488399993,,,
5004,2026,,45.79034438885217,,,
313609,2026,,45.61807773005644,,,
6005,2026,,45.51355252566744,,,
3023,2026,,45.51057331142022,,,
918825,2026,,45.426206509413845,,,
8006,2026,,45.35321691205348,,,
4037,2026,,45.34763565609748,,,
9012,2026,,45.29690622868647,,,
10028,2026,,45.26836401081716,,,
1019827,2026,,45.26706921518411,,,
625608,2026,,45.21079652029458,,,
3018,2026,,44.81731973532492,,,
103802,2026,,44.76934231565953,,,
4026,2026,,44.37876989229453,,,
918836,2026,,44.20620365279549,,,
328604,2026,,43.776316813723575,,,
817611,2026,,43.65054430905771,,,
313601,2026,,43.45207665907685,,,
9018,2026,,43.403388897017486,,,
7010,2026,,43.394886390937536,,,
3032,2026,,42.97870021426618,,,
1019603,2026,,42.93847372261976,,,
410803,2026,,42.937802095105546,,,
430802,2026,,42.85243313557029,,,
724605,2026,,42.82184237217892,,,
1019621,2026,,42.81517420307696,,,
716804,2026,,42.51965395501284,,,
1026805,2026,,42.47788785368835,,,
833803,2026,,42.46735877490506,,,
1026802,2026,,42.46211369423395,,,
10009,2026,,42.299394119200656,,,
9039,2026,,42.26346395252478,,,
411603,2026,,42.2545541201049,,,
716816,2026,,42.090043665927226,,,
411803,2026,,41.90131440283463,,,
833801,2026,,41.89011587480926,,,
833809,2026,,41.77542748766919,,,
4013,2026,,41.748058089560026,,,
1019810,2026,,41.46599137978369,,,
918604,2026,,41.34149632953972,,,
10070,2026,,41.15720753926469,,,
724808,2026,,40.85255937094636,,,
204806,2026,,40.693833208323184,,,
4028,2026,,40.67149089890352,,,
107608,2026,,40.63510186276776,,,
209606,2026,,40.58862535840679,,,
1120802,2026,,40.56084552631535,,,
918607,2026,,40.53217105700462,,,
716601,2026,,40.48487299254427,,,
724809,2026,,40.39703981824128,,,
918812,2026,,40.26161340584944,,,
9010,2026,,40.16025811999421,,,
9037,2026,,40.00530229032204,,,
1120601,2026,,39.96476282268883,,,
2006,2026,,39.94664770224826,,,
2061,2026,,39.89936831235501,,,
10020,2026,,39.728040407001615,,,
2042,2026,,39.59576991058177,,,
2018,2026,,39.53929451932916,,,
430812,2026,,39.52404662501472,,,
817613,2026,,39.49194202303627,,,
716602,2026,,39.45037542530867,,,
7017,2026,,38.89595633374881,,,
1019809,2026,,38.74652708109163,,,
101604,2026,,38.55558748053137,,,
411602,2026,,38.43062309559553,,,
430803,2026,,38.35925267672491,,,
410603,2026,,38.02547424923061,,,
10053,2026,,37.89854978505946,,,
833810,2026,,37.5054130966911,,,
10008,2026,,37.35773768228206,,,
10068,2026,,37.28862537949795,,,
206605,2026,,37.28351399540769,,,
7011,2026,,37.26008964916869,,,
918614,2026,,37.1612747553533,,,
3010,2026,,37.03304096303119,,,
2026,2026,,36.981007110609326,,,
9043,2026,,36.931948623209685,,,
724604,2026,,36.8666072333931,,,
716824,2026,,36.695044971075376,,,
1019632,2026,,36.58830471976672,,,
107606,2026,,36.53639792305064,,,
330601,2026,,36.38311543171555,,,
1019802,2026,,36.346708338017976,,,
918618,2026,,36.01612283075677,,,
101606,2026,,35.98916708007211,,,
10074,2026,,35.92872666866685,,,
716815,2026,,35.91761925931319,,,
430604,2026,,35.802411473711814,,,
3005,2026,,35.75863497200153,,,
2063,2026,,35.67533711130767,,,
10083,2026,,35.62221894054313,,,
2031,2026,,35.52511307761583,,,
1019630,2026,,35.406255884679055,,,
918801,2026,,35.30735571745318,,,
514604,2026,,35.29650521521489,,,
1120602,2026,,35.266456891066376,,,
10013,2026,,35.194721778483725,,,
1019804,2026,,35.152148852068535,,,
3017,2026,,35.1455130108864,,,
918829,2026,,35.12073163260048,,,
3004,2026,,34.94026706286162,,,
1026602,2026,,34.78790661773944,,,
5007,2026,,34.727782788030964,,,
3041,2026,,34.704521042622524,,,
208605,2026,,34.69156977453662,,,
1019803,2026,,34.50366853264412,,,
2015,2026,,34.23026033634508,,,
209604,2026,,34.22873522793746,,,
2035,2026,,34.208179533278255,,,
2012,2026,,34.07923528931112,,,
204601,2026,,33.97200882031697,,,
833802,2026,,33.75556427107553,,,
833805,2026,,33.66654932522431,,,
208607,2026,,33.62533193237071,,,
918834,2026,,33.61219880681051,,,
1026806,2026,,33.45201611318085,,,
2013,2026,,33.40546247058325,,,
5002,2026,,33.315262319079,,,
817606,2026,,32.814121337575806,,,
312809,2026,,32.72085364399051,,,
10084,2026,,32.64269707906524,,,
3011,2026,,32.45208608392186,,,
9029,2026,,32.42603918803875,,,
107601,2026,,32.28226676397122,,,
622202,2026,,32.27031198245423,,,
10062,2026,,32.24897406763314,,,
10047,2026,,32.22295382622968,,,
2058,2026,,31.933353064382672,,,
9001,2026,,31.855504030627017,,,
313809,2026,,31.738356719874147,,,
11007,2026,,31.700483801628152,,,
10042,2026,,31.37869636981684,,,
918810,2026,,31.297744042234864,,,
833808,2026,,31.0212904940976,,,
10001,2026,,30.800761192449485,,,
3027,2026,,30.766537525450055,,,
103601,2026,,30.756211938165517,,,
312803,2026,,30.699520809177063,,,
2036,2026,,30.630437490667024,,,
430607,2026,,30.599089228649103,,,
716806,2026,,30.41806872968229,,,
2005,2026,,30.255048675364904,,,
1120604,2026,,30.181244663270316,,,
328601,2026,,30.012730460056986,,,
625813,2026,,29.903836814468804,,,
1019613,2026,,29.597006842892878,,,
312810,2026,,29.533646393750047,,,
8022,2026,,29.44392942188464,,,
313804,2026,,29.193949240834066,,,
1019828,2026,,29.17705574763533,,,
8003,2026,,29.161338361248237,,,
9002,2026,,29.001424285930543,,,
411802,2026,,28.95018811732524,,,
918605,2026,,28.92979405021005,,,
2057,2026,,28.79939737654292,,,
724805,2026,,28.736487967962415,,,
918609,2026,,28.574384074016248,,,
10040,2026,,28.507169159972413,,,
5009,2026,,28.361250409539164,,,
10024,2026,,28.142140925421668,,,
817809,2026,,27.905032418162502,,,
817802,2026,,27.897240552872017,,,
10080,2026,,27.518695060309405,,,
716610,2026,,26.75715726230028,,,
431606,2026,,26.734506184575167,,,
430806,2026,,26.557312059943555,,,
514603,2026,,26.462145092032515,,,
817618,2026,,26.36757882036443,,,
1120804,2026,,26.3405419570649,,,
208803,2026,,26.23700488544622,,,
817202,2026,,26.04428280221917,,,
515601,2026,,25.70164763165813,,,
206603,2026,,25.66828793603829,,,
918811,2026,,25.09467937057437,,,
625807,2026,,24.84795297454332,,,
1019614,2026,,24.841242192652132,,,
515610,2026,,24.806606606401683,,,
410602,2026,,24.36593486547891,,,
10030,2026,,24.363590702001247,,,
8027,2026,,24.30989535709064,,,
209605,2026,,24.14313766752555,,,
206601,2026,,23.987166829717545,,,
102802,2026,,23.901937595353424,,,
515803,2026,,23.69996584144124,,,
1026811,2026,,23.470183965641745,,,
2032,2026,,23.45800807139986,,,
817604,2026,,23.33482422521084,,,
817805,2026,,23.21957259252335,,,
2052,2026,,23.21146140786206,,,
8017,2026,,22.974488350513266,,,
918610,2026,,22.867530680956783,,,
209603,2026,,22.78377906370369,,,
515804,2026,,22.388383911981965,,,
918602,2026,,22.04134938871344,,,
209803,2026,,21.61330285806944,,,
918821,2026,,21.386433124184723,,,
430605,2026,,21.35316037055994,,,
6018,2026,,21.26484914217546,,,
1019615,2026,,21.081703966875228,,,
817610,2026,,20.86057697669552,,,
1019831,2026,,20.722939778576976,,,
430813,2026,,20.704840598368012,,,
918813,2026,,20.35983821678587,,,
11010,2026,,20.346330829912155,,,
1019821,2026,,20.1641157494762,,,
7043,2026,,20.074472614091054,,,
1019815,2026,,19.96373506698951,,,
918603,2026,,19.873374145929866,,,
11009,2026,,19.74100617114756,,,
101803,2026,,19.52230929810696,,,
431607,2026,,19.362854837059334,,,
312802,2026,,19.263852644535632,,,
10005,2026,,19.165417181826054,,,
918809,2026,,18.98635354526922,,,
1019627,2026,,18.94209451653853,,,
2045,2026,,18.86308643969288,,,
514802,2026,,18.83743394019175,,,
2020,2026,,18.80101142969633,,,
2034,2026,,18.772810115437725,,,
515046,2026,,18.71917539635953,,,
9003,2026,,18.5718729515124,,,
918802,2026,,18.55919096204084,,,
101602,2026,,18.507020947301115,,,
918820,2026,,18.474637949983972,,,
515021,2026,,18.363167856499334,,,
1019633,2026,,18.08701404934051,,,
918608,2026,,17.91399586428493,,,
410601,2026,,17.376128932131415,,,
724806,2026,,17.196220167049205,,,
514501,2026,,16.92588929422576,,,
1019616,2026,,16.71433547240768,,,
1019625,2026,,16.523125412515803,,,
2002,2026,,16.400631086599887,,,
724802,2026,,16.007128211048805,,,
622802,2026,,15.99813810078316,,,
515053,2026,,15.69892825039956,,,
515503,2026,,15.234249962473022,,,
1026603,2026,,15.217382383132565,,,
1019605,2026,,14.943040304440547,,,
8025,2026,,14.907037667583891,,,
123801,2026,,14.888641027596332,,,
2024,2026,,14.772829135214703,,,
515064,2026,,14.688798631136414,,,
10004,2026,,14.515401449699908,,,
1019610,2026,,14.478260290265904,,,
430601,2026,,14.05774489233104,,,
10014,2026,,14.030157104919912,,,
515805,2026,,14.017600697713288,,,
107802,2026,,13.876010399232388,,,
1019618,2026,,13.855661556847654,,,
817505,2026,,13.751138841408109,,,
515015,2026,,13.633486174421272,,,
515802,2026,,13.599749803997328,,,
1019808,2026,,12.87218191173704,,,
1019820,2026,,12.590329175746117,,,
1019609,2026,,12.452120379127894,,,
833505,2026,,12.212152381183127,,,
7025,2026,,11.976690446938898,,,
431608,2026,,11.92883180353974,,,
107801,2026,,11.900038817548158,,,
716612,2026,,11.776877258741983,,,
1019604,2026,,10.565050402882829,,,
107803,2026,,10.49896506441726,,,
918804,2026,,10.48506376797287,,,
431801,2026,,10.462364675266596,,,
716814,2026,,10.325373490638864,,,
918611,2026,,10.1528496440116,,,
1019818,2026,,9.97246170053808,,,
227601,2026,,9.927385771475045,,,
121001,2026,,9.797760669760368,,,
515501,2026,,9.789909065101034,,,
514009,2026,,9.629568483332172,,,
431803,2026,,9.61036208484636,,,
514803,2026,,9.540582018464075,,,
1019626,2026,,9.091881600902214,,,
103806,2026,,8.98552368225829,,,
410810,2026,,8.95713926483685,,,
313806,2026,,8.597557594338385,,,
918819,2026,,8.5124645470936,,,
716805,2026,,8.503146274716597,,,
1120201,2026,,8.340149091015983,,,
102803,2026,,7.907523564731412,,,
1026801,2026,,7.8656167589658015,,,
1019807,2026,,7.805321079333444,,,
1019601,2026,,7.795770004763883,,,
1019822,2026,,7.324508571921013,,,
411604,2026,,7.006669701745113,,,
431601,2026,,6.981512785435116,,,
1019806,2026,,6.883304265817763,,,
209804,2026,,6.732681074922579,,,
411607,2026,,6.638260660631841,,,
2062,2026,,6.591714342186146,,,
410804,2026,,6.455030626431856,,,
918818,2026,,6.21690782054749,,,
204804,2026,,6.199526455851239,,,
411609,2026,,6.111643034113063,,,
227602,2026,,5.360262344617864,,,
1019619,2026,,4.879646235425245,,,
622810,2026,,4.61457658715625,,,
411804,2026,,3.3625852771463967,,,
1019811,2026,,3.1680517908745407,,,
1019824,2026,,2.920404185593658,,,
1019624,2026,,2.035280904411948,,,
