codigo_unidade,coef_efeito_unidade
10001,-0.24756517252935537
10004,-1.1023997112248003
10005,-1.5363304189537503
10006,-0.556761496599953
10008,-0.7352352154919319
10009,-0.7988145834646615
10010,-0.6007648960577174
10011,-1.53633041895375
10013,-1.1172439395387779
10014,-1.3897781577599828
10018,0.047226148596269564
10019,-0.06268069642027733
10020,-0.5145922328481467
10022,0.04722614859626962
10023,-0.5312495909028526
10024,0.07982160267143165
10026,0.17588715649278477
10027,-0.16832422535906097
10028,-0.24756517252935548
10029,-0.7559887657077208
10030,-0.6851368862067737
10032,-0.07329360533616817
10033,-0.9519617811662807
10034,-0.20412493464369239
10035,-0.9777130098704709
10036,0.028114968904220473
10037,-0.8784024079016257
10039,0.33714698095984463
1004,-0.22871835750157157
10040,0.08894390467576875
10041,-0.2603282407228343
10042,-0.08401952316031823
10043,-0.15088963262889765
10044,-0.4275810029261859
10045,-0.7048801366060419
10046,0.18418202095373515
10047,0.3047027070771009
1005,-1.5140736920750357
10051,0.3720086156803562
10052,1.0382917196217047
10053,0.603548548852866
10054,-0.556761496599953
10055,-0.902335792765215
10056,-0.7048801366060419
10057,0.5647157597161601
10058,0.06132509658180029
10059,-0.6097998705915164
1006,0.36857638315940877
10060,-0.7455589120875306
10061,-0.13943189274571935
10062,-0.5654104472853337
10063,0.4760714351037788
10064,0.3406880802113169
10065,-0.17420341804339237
10066,0.04722614859626963
10067,-0.3830996503028981
10068,-0.5567614965999536
10069,0.8313683358714183
1007,-0.4741110884235356
10070,-0.24124369038626178
10071,-0.08401952316031817
10072,0.159089319772712
10073,0.7594722672615278
10074,0.0519477774829999
10075,0.04722614859626967
10076,-1.514073692075035
10077,-1.1631172573050013
10078,-0.9647559574955019
10079,-0.2287183575015715
10080,-0.5567614965999536
10081,0.4446946886271032
10082,-0.7352352154919319
10083,0.4318642724157488
10084,0.30835978719129037
10085,-0.7048801366060419
1009,0.06132509658180039
1010,0.8675652372676235
101601,-0.43616585712517225
101602,-0.926674082769023
101603,0.4060722104741224
101604,-1.0113995193391339
101605,0.16901287706126142
101606,-0.17316412500245326
101607,0.4466860193393835
101801,0.4955913339929856
101802,-0.18694596818336034
101803,-1.1682665416278843
1019601,-1.1427577090823458
1019602,0.1057815055739135
1019603,-0.2678367558662654
1019604,-0.8566314732212835
1019605,-0.9295800434460041
1019606,-0.43438792301345636
1019607,0.018136643360655624
1019609,-0.13423659693269663
1019610,-0.49857202548931123
1019611,-1.0970364878421257
1019612,0.7248185804748816
1019613,-0.47240323752295277
1019614,0.2439487424905545
1019615,-1.1143762446762888
1019616,-0.986454101861302
1019618,-0.5855667586233316
1019619,-0.8539289260238978
1019620,-0.5234988404910129
1019621,-0.5273893416601957
1019623,0.28462631881948414
1019624,-0.9122691274896908
1019625,-1.2213126426443461
1019626,-1.2489236877491232
1019627,-0.7835823825980518
1019628,-0.21509177239197408
1019630,-0.837864701617247
1019631,0.07527646141815336
1019632,0.6385900909000467
1019633,-0.791159530638944
1019801,0.4340770138721739
1019802,-0.4115572452905028
1019803,0.27854186409400117
1019804,-0.9895386020550994
1019806,-0.5712118136916154
1019807,-0.537182155824569
1019808,-0.6213089212747135
1019809,-0.706131598195166
1019810,-1.3322656850515047
1019811,-1.3236137617033588
1019815,-0.37239610780886706
1019818,-0.47424995192809694
1019820,-0.4290729632983418
1019821,0.19493569255729754
1019822,-0.02106772965853764
1019824,-0.2648324924156255
1019826,0.07527646141815357
1019827,0.37568013382006415
1019828,0.25024642719998774
1019829,-0.5567614965999534
1019830,-0.36869744367107077
1019831,0.475742367074481
102601,-0.037667607900431464
102602,0.5874097138637334
102604,0.676207234605314
102605,0.7090647717647235
102606,0.6452608791039005
1026601,0.5835600100107391
1026602,0.014738503394116163
1026603,-0.016375003413818798
1026604,0.6867003087679803
1026801,-0.13292087764091304
1026802,1.0107979721105882
1026803,-0.19390864113736134
1026805,0.8220904082415701
1026806,0.601399946989793
1026807,0.8853871733605524
1026809,0.445210824120148
1026810,0.9125916011322002
1026811,0.18253808222394705
102802,-1.053305672207957
102803,-0.7465318733884858
103601,-1.2020446647099565
103602,-0.6605955231003172
103604,-0.452310780052803
103605,-0.12245687334708498
103606,-0.13029461181234828
103607,0.5205463838729874
103801,-0.1302946118123482
103802,0.28894982975118316
103804,-0.7987943296205602
103805,-0.15956929794045377
103806,-2.430410766706011
103807,0.3725101839626856
107601,-0.9742099813311619
107602,0.191137366505516
107603,-0.19951382917472157
107604,0.13538470703399855
107605,-0.00589607431221225
107606,-0.15150007977620222
107607,0.2636095367871592
107608,-0.3235130908727733
107609,0.3653408818999043
107610,0.6720966974813437
107801,-0.8785178797141633
107802,-1.8932272971434696
107803,-1.363147193389805
11001,-0.1980691699809423
11003,0.12462787110383945
11004,0.2711760048266317
11006,0.726321333401649
11007,-0.17420341804339232
11008,0.19649742591771976
11009,-0.1683242253590609
11010,0.06598119256126166
1120201,-1.6222997245526123
1120601,0.5528804935707783
1120602,0.6965104238747123
1120603,0.5455623135130697
1120604,0.44003045290558085
1120605,0.4378020605343983
1120606,0.7430726966826996
1120801,0.017005210619756007
1120802,0.42958858265222594
1120804,0.407606181124234
121001,-1.605063099864808
123601,-0.4451031383518742
123603,-0.6170372416915495
123801,-2.1314311345782615
2001,-0.8666437867484154
2002,-1.680993877747333
2003,-1.3328471959044639
2004,0.6668113660443239
2005,-0.7148978590158416
2006,-0.7352352154919317
2009,-0.13943189274571927
2010,0.18004314081638198
2011,-0.33356579799362673
2012,-0.6097998705915179
2013,-0.9647559574955015
2014,-0.5396822781901905
2015,-0.27325485428303053
2016,0.03771591625870575
2018,-0.4505782906275982
2019,-1.1323072302536452
2020,-0.2929607126352579
2022,-1.0733438310565366
2024,-2.2976519168703695
2025,0.6409347258919638
2026,-0.820924739837299
2028,-0.11134483017150533
2029,0.9284187770303548
2031,-0.9393264717217288
2032,-1.0041325508969543
2034,-0.7559887657077196
2035,-0.6851368862067742
2036,0.04722614859626974
2037,0.08439309120442424
2038,-0.7879375091920489
2039,0.5094899495987143
2040,-0.44285423095819904
2041,-1.5363304189537494
2042,-0.2996157889159009
2043,-0.03662760549754867
2044,-0.6562249833374572
2045,-1.296575909222536
2046,0.3442167441317441
204601,-0.6922524265524459
204602,1.0450215939080225
2047,-0.7988145834646616
2048,0.47297750893087503
204804,-0.6364047256584034
204805,0.12018200105305171
204806,0.15135049248808716
2049,0.5064974467596869
2052,-0.12248588852975908
2053,0.18418202095373576
2054,-0.6851368862067739
2055,-0.5481858485508344
2056,-0.6562249833374584
205601,0.9883155892521905
205602,0.21742794778378247
2057,-1.6809938777473332
2058,-1.0450928768628325
205801,-0.1609205090976023
2060,-0.8321630263331196
2061,-0.820924739837299
2062,-1.8491671281576263
2063,-0.8902986656095493
206601,-0.6170372416915495
206602,-0.07295388918155295
206603,0.07527646141815353
206605,0.13437834248282357
206606,0.24123756115662084
208601,-0.5254422040789264
208603,-0.809065268984936
208604,-0.27085005355439684
208605,-1.0019722256468664
208606,-0.5712118136916153
208607,-0.7154922196168485
208608,0.1786923438171517
208801,-0.6213089212747138
208803,-0.5727636467242511
209601,-0.2338198773212861
209602,-0.1276752129641983
209603,-1.1944397079474431
209604,-0.8220535593099686
209605,-0.7178460860995389
209606,-0.7661217586406986
209607,-0.3395439637008149
209608,-0.20656470144019215
209609,-0.009376883289240178
209610,-0.23236676020846725
209803,-0.4343879230134568
209804,-1.3366197130850517
227601,-0.05090615043659618
227602,-1.560490081029809
227801,0.6257301459842085
3001,-0.006228330729006155
3002,0.43829996812308525
3003,0.09798424632962234
3004,-0.4351887609187598
3005,-0.1508896326288976
3006,0.9421018757198951
3007,-0.5481858485508337
3008,-0.6007648960577172
3009,-1.370448230706573
3010,-0.23496158049007382
3011,-1.0877683278130656
3012,0.6409347258919632
3013,0.07522925095428276
3014,1.2646763376239294
3015,-0.5654104472853339
3016,-0.7148978590158414
3017,-1.0733438310565375
3018,-1.2789105117595914
3019,0.29365093745238113
3020,-0.3977102104972571
3021,0.27872362563300335
3022,0.4188678358692318
3023,-1.3328471959044628
3024,0.2673808348593586
3025,0.9931966952776704
3026,1.034757837110321
3027,0.4510489512784837
3028,0.5731644707575805
3029,0.18830393672112875
3030,-0.6097998705915176
3031,-0.2732548542830306
3032,0.150584010991215
3033,0.4350872748908129
3034,-0.2797808049888411
3035,-0.4505782906275982
3036,0.04248226488627602
3037,1.1357032454376494
3038,0.3547289876445225
3039,-0.7771757709639557
3040,-0.1508896326288976
3041,-0.4275810029261859
312502,-0.008215269009286645
312601,0.5428878347898851
312602,0.32704352574052975
312603,0.41448010787357775
312801,0.25917495484297004
312802,-0.24258311477378883
312803,-0.45412081697649337
312804,0.06237674043007811
312805,0.5608034068935698
312806,0.3851301979504593
312809,0.3311880534630515
312810,-0.6650572273141288
312812,-0.060645282613843735
312813,0.6041940251101379
313601,-0.11985786184129278
313602,-0.298385421958787
313603,0.04821195031244674
313604,-0.05211837595720138
313606,-0.2723601072314765
313607,0.30180945346965865
313608,0.8185384468476883
313609,-0.08918458014545537
313610,0.15332843501189877
313611,0.3361389441494375
313612,0.5482296649313895
313801,-0.2799446989369261
313802,0.8306644717201893
313804,-0.24405113468191045
313805,0.18157803145920098
313806,-0.5510547899680275
313809,-0.28605397842086894
328601,-0.21081916563146574
328602,0.5018886665604559
328604,0.40145614424131354
328801,0.6536871695794971
329801,0.6750345171742809
330601,0.292395245618208
330602,0.5995036642416149
4001,0.21268679796400453
4002,-0.13943189274571927
4003,-0.23496158049007382
4004,-0.5228866214158728
4005,0.0934742286801846
4006,-0.5741339569197905
4007,-0.3474721078532929
4008,-1.2444682886557181
4009,-0.9519617811662798
4010,-0.5396822781901914
4011,-0.6097998705915177
4012,0.35472898764452243
4013,-0.5918098416184665
4014,-0.7148978590158414
4015,0.1758871564927847
4016,-0.18011709987783991
4017,-0.006228330729006197
4018,-0.052178448265007546
4020,-0.47411108842353544
4021,0.10247413829728046
4022,0.48835268871576704
4023,0.06132509658180024
4024,0.831368335871419
4025,0.26357128168863536
4026,-1.244468288655719
4027,0.8356952280009304
4028,-0.4505782906275989
4029,0.5787576969508764
4030,0.5533390514173931
4032,0.89030925096712
4034,0.7893042161397997
4035,0.2936509374523804
4036,-0.19204955963983544
4037,-0.6097998705915177
4038,0.4791558583575694
4039,-0.6562249833374573
4040,0.43829996812308514
4041,-0.6281153395302312
4042,0.12462787110383948
4043,-0.40509551453168546
4044,0.1800431408163821
4045,-0.2539265213746719
4046,-0.48207869377481094
4047,0.5703561271878111
4048,0.08439309120442416
4049,0.12900067185506722
4050,-0.22251354497537942
410601,-0.5215592363143043
410602,-0.4343879230134566
410603,0.5809852898228213
410801,0.7479938430815344
410802,-0.15687233063426836
410803,-0.8220535593099682
410804,-1.1868918570028753
410805,0.11094834449303681
410807,0.20998652824582992
410808,0.18445542667110057
410810,-0.3093013340112694
411601,0.30860097216598337
411602,-0.3379292878339149
411603,-0.2829946829585135
411604,-0.5312949975567279
411605,-0.10952872529241264
411607,-1.1074043911144231
411609,-0.3379292878339149
411801,0.6434459783035027
411802,-0.47240323752295277
411803,0.03828686144927687
411804,-1.6637031417679444
430601,0.4613196192338609
430602,0.57387046602021
430603,0.6343217763694303
430604,-0.11210104184925598
430605,-0.656153577609668
430607,-0.7154922196168485
430801,0.1160886613696945
430802,0.2385190184209684
430803,-0.10057728048709501
430805,0.02489852878475456
430806,0.16413782788756248
430807,0.04491450416386172
430809,0.5699682296727885
430810,0.6410209796226763
430811,0.672096697481344
430812,0.12222241338649958
430813,-0.8168380539170031
430815,-0.541126219447219
431601,-0.4705599186662927
431602,0.513676603328648
431603,-0.16092050909760247
431604,-0.1869459681833603
431605,0.5482296649313899
431606,-0.7636520036033294
431607,-1.963855280463968
431608,-1.1178803967471564
431801,-1.7652549217306974
431802,0.46059299785245317
431803,-1.3322656850515049
5001,1.2112090633453019
5002,-0.36157264124762417
5003,-0.016259793262024036
5004,-0.7048801366060429
5005,-0.03149690003409814
5006,1.0294335437251418
5007,-0.5481858485508347
5008,0.26357128168863614
5009,0.6565406401094243
5010,0.9689202958918476
5012,0.8291978695387061
5013,0.617061184932085
5014,0.8027791717607499
5015,1.1718541567279455
5016,0.7893042161398
514009,-0.8405242801076267
514501,-1.0177339062462438
514601,-0.25885085288955795
514602,1.233283566841645
514603,0.25472064372214054
514604,-0.005896074312212668
514605,0.2547206437221406
514606,-0.11985786184129266
514607,0.22112802045291655
514608,0.12222241338649974
514609,0.8844357693001379
514801,0.47143732096216945
514802,-0.819442418481182
514803,-0.9295800434460041
515015,-0.5042696073833658
515021,-0.6022280384040241
515046,-1.08337697776051
515053,-1.3322656850515047
515064,-1.9240099468356169
515501,-0.5470715567680919
515503,-0.9895386020550992
515601,-0.1636284109770669
515602,1.0078573956267909
515604,0.6578738591162763
515605,0.6379814450451593
515606,0.3898219860291483
515607,0.6785485549873389
515608,0.04491450416386167
515610,-0.4705599186662928
515611,0.13236257413917932
515612,-0.11726557583651605
515613,0.29411351735020885
515801,0.9359165083097699
515802,-0.6213089212747137
515803,-0.46139382430014647
515804,-0.4835348977129902
515805,-0.9180063306376759
515807,-0.1316068841065306
515808,-0.3509201270374828
515809,0.7359213770474801
515810,0.4892541318948931
6001,0.5124735602270412
6002,0.1841820209537357
6003,0.9244747764023243
6004,-0.6562249833374572
6005,-0.21634667514444653
6006,0.008633912891984633
6007,-0.2102172887109874
6009,0.46987402122680455
6012,0.32644818913052137
6013,0.4057010360392264
6015,0.5953527757858945
6016,0.7779351370977002
6017,0.22068477358512736
6018,0.3264481891305214
622202,0.1283188232180021
622601,0.6083224060989496
622602,0.3557012397409946
622603,0.613950838432704
622801,0.4598658486308244
622802,-0.974209981331162
622804,0.7679747547038159
622805,0.48996025003302635
622810,-0.8485455651257541
625601,-0.08166079977269924
625602,-0.06924540018867978
625603,-0.15418260415986748
625604,0.7764931038853858
625605,0.22573396563246162
625606,0.7264918729666857
625607,0.7943573675852965
625608,0.08378487895327626
625609,-0.23819191584154048
625610,-0.34440365890200053
625611,0.8311665478649986
625612,1.0571091055834816
625614,0.6102020693286677
625615,0.817521280718004
625616,-0.4469001962000983
625801,-0.1814104602141922
625802,0.5488953935890589
625803,0.3435196733512382
625804,0.475026143949257
625807,-1.1719640950590429
625813,-0.14615648386309246
625814,-0.13555404651687575
625815,0.28808661993793705
625816,0.35811986622223274
625817,0.4591381708019193
625818,0.3262125572823088
625819,0.48854751528094
625820,0.566546280708002
7001,0.3120036076609722
7002,0.41230600942815776
7003,1.27865025080292
7004,0.33714698095984486
7007,0.12462787110383951
7008,-0.0840195231603182
7010,-0.292960712635258
7011,-0.2412436903862612
7013,1.275871016676731
7014,1.3207707284833667
7015,0.5675399049224991
7017,-0.3686974436710709
7018,0.08439309120442422
7019,0.39235935757353907
7020,0.6845360041786269
7025,0.12023597984221868
7027,0.5647157597161598
7034,0.47607143510377814
7035,0.3047027070771003
7036,0.9820652023844405
7037,1.0644060327541287
7038,0.9556007525269524
7039,0.4760714351037783
7040,1.4620120964839232
7041,0.9726936027898653
7042,1.4255330443892777
7043,0.2899398419931519
7044,0.6820230009363244
7045,0.11139425594362751
716601,1.5847602589936733
716602,0.15923892801358772
716603,1.5469493099337601
716604,0.49559133399298605
716605,1.1998185648835282
716606,1.0796806822388139
716607,0.9573835412556635
716608,1.0466417242410253
716609,1.9394020373638878
716610,0.5854867128481177
716611,0.632486911495435
716612,0.14539311439817668
716613,1.3667060446348835
716614,1.4010828389954433
716801,0.8579112560035895
716802,0.44299394698194283
716803,1.1952940348682217
716804,0.024898528784754428
716805,0.8948517903826122
716806,0.7775528172094703
716807,0.9195084886460834
716808,1.2221392851113866
716809,0.7386779356203004
716813,0.7706445362294659
716814,0.8108843791331125
716815,0.6232617865356938
716816,0.6620431074388882
716818,1.6815488403489363
716819,1.5821571428390113
716820,1.553554431068011
716821,1.4498537735360624
716822,1.219759302791621
724601,0.9084184012919515
724602,0.22573396563246162
724603,0.6281924327120556
724604,0.18636910670947274
724605,0.8618133374417811
724606,0.9449171411039535
724801,0.980131255628904
724802,-0.5450858582178851
724803,0.3344913661837116
724804,1.0303211445005016
724805,-0.11985786184129275
724806,0.0932712281547404
724807,0.8753520266440115
724808,0.2785418640940013
724809,-0.511917102086893
734601,0.16901287706126164
734602,0.14339941949930504
734603,-0.2411172425053603
734801,0.3709214369150894
734802,1.3253025726988883
734803,-0.09170511746472716
734804,0.505370140876031
734805,0.3344913661837113
8002,-1.017603853328288
8003,0.018421565098597305
8004,0.9205152011241159
8005,0.5870895311537221
8006,-0.3198484582391278
8007,1.0400539999420644
8008,-1.2111473897487093
8009,1.1578630435254298
8010,1.173396735156193
8011,0.19240902623064482
8013,0.6116779412789778
8014,0.22068477358512736
8015,0.042482264886276065
8016,1.0294335437251416
8017,0.5731644707575809
8018,0.240405714833108
8019,0.17171392643435082
8021,0.3120036076609724
8022,0.0889439046757688
8023,-0.001249832150550205
8024,-0.10582015812534196
8025,-1.017603853328288
8027,-1.0312556765574032
817202,-0.112101041849256
817504,0.03606786467326925
817505,-0.6043302971261924
817601,0.9304770088969202
817602,0.5548671092974496
817603,0.8426453140105572
817604,0.19208829968373306
817605,0.6020312436785347
817606,-0.1108140579152928
817607,0.9254646906764175
817608,0.7458096539728218
817609,0.972315433219436
817610,0.11300763863603411
817611,-0.3155928020974442
817612,0.7281623723409605
817613,0.4037668380787842
817614,0.5287283625793561
817615,0.020395681526972353
817616,-0.5631003167525332
817617,0.532117878743663
817618,0.12018200105305232
817619,0.3026609171160469
817801,0.5219147000628751
817802,0.14837623374426762
817803,0.6536871695794976
817804,0.6051817679910404
817805,-0.3395439637008151
817806,0.26095114533195657
817807,0.16120136496953508
817808,0.812931194974885
817809,-0.8194424184811819
817810,0.13236257413917937
817814,0.9149025469698385
817815,0.6855398298532376
833505,-1.3453847151755975
833601,0.953837533078446
833602,0.9176686553633372
833603,0.8376707170357637
833801,-0.1967073153740358
833802,0.5594872689793122
833803,0.5198615236828603
833805,0.03717797762636847
833806,0.8083199579261728
833807,0.6861202375167607
833808,0.3764710553626582
833809,0.36773635858804965
833810,0.4250799352657224
833811,0.6673781742524687
9001,-0.36157264124762417
9002,-0.7048801366060427
9003,-1.2276722024828621
9004,-0.06797317325297716
9007,-1.2444682886557188
9008,-0.6851368862067737
9009,0.13335454685200954
9010,0.12462787110383955
9011,0.25974723616556594
9012,0.16752330733148504
9013,0.5389344318484852
9014,0.22861962965181148
9017,0.26738083485935843
9018,0.07061584535664343
9019,-0.30631504481878796
9020,-0.9145171368492866
9021,0.4318642724157492
9022,0.2520552252230097
9023,0.167523307331485
9024,0.2206847735851273
9025,-0.3686974436710708
9026,0.18418202095373568
9027,-0.2667708439562433
9028,0.4382999681230851
9029,0.2862149930988137
9030,0.09347422868018465
9031,-0.03149690003409808
9032,-0.1058201581253419
9033,-0.4820786937748107
9034,-0.11134483017150536
9035,-0.44285423095819915
9036,0.9820652023844405
9037,-0.755988765707721
9038,0.4510489512784835
9039,0.0037041693584023636
9040,0.47607143510377886
9041,-0.27978080498884145
9042,-0.809809473600453
9043,-0.3266838268704612
9044,0.6330398104693059
9045,-0.6467681617672679
9046,0.39571142573423684
918601,0.7759628261072886
918602,0.40376683807878444
918603,-0.45775072491304186
918604,-0.7154922196168486
918605,-0.18555922128386915
918606,0.5455623135130698
918607,0.7231424855131379
918608,0.5522174111194855
918609,0.1996634271263911
918610,-0.25885085288955795
918611,-0.7344796298684434
918613,1.0356545885693391
918614,0.40068472617068385
918615,-0.1474897131366247
918616,0.8005870269991002
918617,1.0551046339362276
918618,0.6554836101070576
918619,1.0603079308753276
918620,1.0486632049857185
918621,0.56080340689357
918801,0.35165716493049215
918802,0.3717161256128614
918803,-0.1355540465168759
918804,-0.915133630672809
918805,0.27766962988166144
918806,0.7479938430815339
918807,0.8276467132482731
918808,0.5018886665604564
918809,-0.5391522483939235
918810,0.30775454759736776
918811,-1.9477282183867672
918812,-0.25736100568399584
918813,0.1631599634190293
918814,0.3661400111963357
918815,0.6720966974813437
918816,-0.8485455651257533
918817,0.8021384010769478
918818,-0.10312668441504058
918819,-1.063229755449455
918820,-0.909412774535646
918821,0.06453826582629821
918822,0.8391656944851681
918823,0.32204733748293124
918824,0.6133270178637452
918825,0.6330989069662265
918826,0.7501732754249006
918827,0.5361702047509875
918828,0.7452628610163641
918829,-0.3607749682136626
918830,-0.494791546660449
918831,0.7180972915766402
918832,0.9453650544839377
918833,0.31366454655906845
918834,0.27066426439629215
918835,0.7865153580328456
918836,0.9657552855332148
918837,0.8906037874593974
918838,-0.27236010723147625
918839,-0.3943423543313523
