ano,territorio,grupamento_modelo,inscritos,universo_elegivel_proxy,tendencia,tend_bercario,tend_maternal_i,tend_maternal_ii,prev_modelo,p10,p90,p025,p975,alpha_nb,taxa_2025,prev_persistencia,data_corte,modelo,versao
2026,ABOLICAO,Bercario,0,125.0,5,5,0,0,23.56304498597034,15.0,33.0,11.0,39.0,0.05293890706359489,0.1232876712328767,15.410958904109588,2026-08-30,PPML-FE ridge v0.1,0.1-auditoria
2026,ABOLICAO,Maternal I,0,76.0,5,0,5,0,21.551994330029554,13.0,31.0,10.0,36.0,0.05293890706359489,0.5,38.0,2026-08-30,PPML-FE ridge v0.1,0.1-auditoria
2026,ABOLICAO,Maternal II,0,78.0,5,0,0,5,10.740572868175787,6.0,16.0,4.0,20.0,0.05293890706359489,0.14130434782608695,11.021739130434781,2026-08-30,PPML-FE ridge v0.1,0.1-auditoria
2026,ACARI,Bercario,0,735.0,5,5,0,0,272.3398838121177,193.0,358.0,160.0,413.0,0.05293890706359489,0.2607052896725441,191.6183879093199,2026-08-30,PPML-FE ridge v0.1,0.1-auditoria
2026,ACARI,Maternal I,0,415.0,5,0,5,0,231.32601580419026,164.0,304.0,135.0,351.0,0.05293890706359489,0.5872235872235873,243.6977886977887,2026-08-30,PPML-FE ridge v0.1,0.1-auditoria
2026,ACARI,Maternal II,0,407.0,5,0,0,5,110.16147995566625,77.0,146.0,63.0,170.0,0.05293890706359489,0.1984924623115578,80.78643216080403,2026-08-30,PPML-FE ridge v0.1,0.1-auditoria
2026,AGUA SANTA,Bercario,0,115.0,5,5,0,0,24.048967255835855,15.0,34.0,11.0,40.0,0.05293890706359489,0.09090909090909091,10.454545454545455,2026-08-30,PPML-FE ridge v0.1,0.1-auditoria
2026,AGUA SANTA,Maternal I,0,54.0,5,0,5,0,16.98810055424615,10.0,24.0,7.0,29.0,0.05293890706359489,0.2753623188405797,14.869565217391305,2026-08-30,PPML-FE ridge v0.1,0.1-auditoria
2026,AGUA SANTA,Maternal II,0,69.0,5,0,0,5,10.540449338616098,6.0,16.0,4.0,19.0,0.05293890706359489,0.1,6.9,2026-08-30,PPML-FE ridge v0.1,0.1-auditoria
2026,ALTO BOA VISTA,Bercario,0,124.0,5,5,0,0,33.31671927122881,22.0,46.0,17.0,54.0,0.05293890706359489,0.2792207792207792,34.62337662337662,2026-08-30,PPML-FE ridge v0.1,0.1-auditoria
2026,ALTO BOA VISTA,Maternal I,0,99.0,5,0,5,0,40.01549663708208,26.0,55.0,21.0,64.0,0.05293890706359489,0.45714285714285713,45.25714285714285,2026-08-30,PPML-FE ridge v0.1,0.1-auditoria
2026,ALTO BOA VISTA,Maternal II,0,70.0,5,0,0,5,13.738838805918617,8.0,20.0,5.0,24.0,0.05293890706359489,0.08823529411764706,6.176470588235294,2026-08-30,PPML-FE ridge v0.1,0.1-auditoria
2026,ANCHIETA,Bercario,0,1148.0,5,5,0,0,321.5236502656495,228.0,422.0,190.0,487.0,0.05293890706359489,0.2139261744966443,245.58724832214767,2026-08-30,PPML-FE ridge v0.1,0.1-auditoria
2026,ANCHIETA,Maternal I,0,641.0,5,0,5,0,270.07322948840545,192.0,355.0,159.0,409.0,0.05293890706359489,0.46112600536193027,295.5817694369973,2026-08-30,PPML-FE ridge v0.1,0.1-auditoria
2026,ANCHIETA,Maternal II,0,746.0,5,0,0,5,152.62346425771278,107.0,202.0,88.0,233.0,0.05293890706359489,0.260806916426513,194.56195965417868,2026-08-30,PPML-FE ridge v0.1,0.1-auditoria
2026,ANDARAI,Bercario,0,438.0,5,5,0,0,82.14844306109794,57.0,110.0,46.0,128.0,0.05293890706359489,0.19389978213507625,84.9281045751634,2026-08-30,PPML-FE ridge v0.1,0.1-auditoria
2026,ANDARAI,Maternal I,0,237.0,5,0,5,0,66.86918725944182,46.0,90.0,37.0,105.0,0.05293890706359489,0.19330855018587362,45.814126394052046,2026-08-30,PPML-FE ridge v0.1,0.1-auditoria
2026,ANDARAI,Maternal II,0,269.0,5,0,0,5,36.85436647279861,24.0,51.0,19.0,60.0,0.05293890706359489,0.08368200836820083,22.510460251046023,2026-08-30,PPML-FE ridge v0.1,0.1-auditoria
2026,ANIL,Bercario,0,662.0,5,5,0,0,551.0058867077661,393.0,721.0,327.0,831.0,0.05293890706359489,0.39444444444444443,261.1222222222222,2026-08-30,PPML-FE ridge v0.1,0.1-auditoria
2026,ANIL,Maternal I,0,367.0,5,0,5,0,459.5330862846045,328.0,602.0,272.0,693.0,0.05293890706359489,0.8656036446469249,317.67653758542144,2026-08-30,PPML-FE ridge v0.1,0.1-auditoria
2026,ANIL,Maternal II,0,439.0,5,0,0,5,266.9157574769919,189.0,351.0,157.0,405.0,0.05293890706359489,1.049095607235142,460.5529715762274,2026-08-30,PPML-FE ridge v0.1,0.1-auditoria
2026,BANCARIOS,Bercario,0,256.0,5,5,0,0,68.7644132261205,47.0,92.0,38.0,108.0,0.05293890706359489,0.316,80.896,2026-08-30,PPML-FE ridge v0.1,0.1-auditoria
2026,BANCARIOS,Maternal I,0,123.0,5,0,5,0,49.70285776115526,33.0,67.0,26.0,79.0,0.05293890706359489,0.21505376344086022,26.451612903225808,2026-08-30,PPML-FE ridge v0.1,0.1-auditoria
2026,BANCARIOS,Maternal II,0,186.0,5,0,0,5,36.4962433862166,24.0,50.0,19.0,59.0,0.05293890706359489,0.2446043165467626,45.49640287769784,2026-08-30,PPML-FE ridge v0.1,0.1-auditoria
2026,BANGU,Bercario,0,3901.0,5,5,0,0,1227.5248432740545,880.0,1603.0,734.0,1845.0,0.05293890706359489,0.25098425196850394,979.0895669291339,2026-08-30,PPML-FE ridge v0.1,0.1-auditoria
2026,BANGU,Maternal I,0,2138.0,5,0,5,0,1012.0792324767444,725.0,1322.0,605.0,1522.0,0.05293890706359489,0.34335635920357577,734.0958959772449,2026-08-30,PPML-FE ridge v0.1,0.1-auditoria
2026,BANGU,Maternal II,0,2461.0,5,0,0,5,565.6885619740432,404.0,740.0,336.0,853.0,0.05293890706359489,0.20786298170494355,511.5507979758661,2026-08-30,PPML-FE ridge v0.1,0.1-auditoria
2026,BARRA GUARATIBA,Bercario,0,94.0,5,5,0,0,16.460426495900084,10.0,24.0,7.0,29.0,0.05293890706359489,0.17699115044247787,16.63716814159292,2026-08-30,PPML-FE ridge v0.1,0.1-auditoria
2026,BARRA GUARATIBA,Maternal I,0,71.0,5,0,5,0,18.703550273108995,11.0,27.0,8.0,32.0,0.05293890706359489,0.22807017543859648,16.19298245614035,2026-08-30,PPML-FE ridge v0.1,0.1-auditoria
2026,BARRA GUARATIBA,Maternal II,0,57.0,5,0,0,5,7.291208703034008,3.0,12.0,2.0,14.0,0.05293890706359489,0.2112676056338028,12.04225352112676,2026-08-30,PPML-FE ridge v0.1,0.1-auditoria
2026,BARRA OLIMPICA,Bercario,0,1025.0,5,5,0,0,197.52041418746956,139.0,260.0,115.0,301.0,0.05293890706359489,0.13026819923371646,133.52490421455937,2026-08-30,PPML-FE ridge v0.1,0.1-auditoria
2026,BARRA TIJUCA,Bercario,0,2259.0,5,5,0,0,113.76656680209517,79.0,151.0,65.0,175.0,0.05293890706359489,0.01758901758901759,39.73359073359074,2026-08-30,PPML-FE ridge v0.1,0.1-auditoria
2026,BARRA TIJUCA,Maternal I,0,1168.0,5,0,5,0,88.48990658693248,61.0,118.0,50.0,137.0,0.05293890706359489,0.07933884297520662,92.66776859504132,2026-08-30,PPML-FE ridge v0.1,0.1-auditoria
2026,BARRA TIJUCA,Maternal II,0,1210.0,5,0,0,5,44.513857945507816,30.0,61.0,23.0,71.0,0.05293890706359489,0.020066889632107024,24.2809364548495,2026-08-30,PPML-FE ridge v0.1,0.1-auditoria
2026,BARROS FILHO,Bercario,0,361.0,5,5,0,0,103.99413125806272,72.0,138.0,59.0,160.0,0.05293890706359489,0.2446043165467626,88.3021582733813,2026-08-30,PPML-FE ridge v0.1,0.1-auditoria
2026,BARROS FILHO,Maternal I,0,222.0,5,0,5,0,96.20708947854497,67.0,128.0,54.0,149.0,0.05293890706359489,0.3048128342245989,67.66844919786097,2026-08-30,PPML-FE ridge v0.1,0.1-auditoria
2026,BARROS FILHO,Maternal II,0,187.0,5,0,0,5,39.35090091399465,26.0,54.0,20.0,63.0,0.05293890706359489,0.20089285714285715,37.566964285714285,2026-08-30,PPML-FE ridge v0.1,0.1-auditoria
2026,BENFICA,Bercario,0,603.0,5,5,0,0,274.6678671367929,195.0,361.0,161.0,416.0,0.05293890706359489,0.3128491620111732,188.64804469273744,2026-08-30,PPML-FE ridge v0.1,0.1-auditoria
2026,BENFICA,Maternal I,0,408.0,5,0,5,0,279.57811893375356,198.0,367.0,164.0,424.0,0.05293890706359489,0.465625,189.975,2026-08-30,PPML-FE ridge v0.1,0.1-auditoria
2026,BENFICA,Maternal II,0,320.0,5,0,0,5,106.47605823537633,74.0,142.0,60.0,164.0,0.05293890706359489,0.2647058823529412,84.70588235294117,2026-08-30,PPML-FE ridge v0.1,0.1-auditoria
2026,BENTO RIBEIRO,Bercario,0,590.0,5,5,0,0,136.06877298286219,95.0,180.0,78.0,209.0,0.05293890706359489,0.16940789473684212,99.95065789473685,2026-08-30,PPML-FE ridge v0.1,0.1-auditoria
2026,BENTO RIBEIRO,Maternal I,0,319.0,5,0,5,0,110.67502082543012,77.0,147.0,63.0,170.0,0.05293890706359489,0.3787375415282392,120.8172757475083,2026-08-30,PPML-FE ridge v0.1,0.1-auditoria
2026,BENTO RIBEIRO,Maternal II,0,301.0,5,0,0,5,50.70892411225857,34.0,69.0,27.0,80.0,0.05293890706359489,0.18285714285714286,55.04,2026-08-30,PPML-FE ridge v0.1,0.1-auditoria
2026,BONSUCESSO,Bercario,0,658.0,5,5,0,0,208.33239742276115,147.0,274.0,122.0,317.0,0.05293890706359489,0.5667655786350149,372.9317507418398,2026-08-30,PPML-FE ridge v0.1,0.1-auditoria
2026,BONSUCESSO,Maternal I,0,397.0,5,0,5,0,189.09232301102892,133.0,249.0,110.0,288.0,0.05293890706359489,0.3436657681940701,136.43530997304583,2026-08-30,PPML-FE ridge v0.1,0.1-auditoria
2026,BONSUCESSO,Maternal II,0,742.0,5,0,0,5,171.611452470043,121.0,227.0,99.0,262.0,0.05293890706359489,0.261986301369863,194.39383561643834,2026-08-30,PPML-FE ridge v0.1,0.1-auditoria
2026,BOTAFOGO,Bercario,0,1069.0,5,5,0,0,100.220305448609,70.0,133.0,57.0,155.0,0.05293890706359489,0.10664172123479888,114.0,2026-08-30,PPML-FE ridge v0.1,0.1-auditoria
2026,BOTAFOGO,Maternal I,0,528.0,5,0,5,0,74.46709494833708,51.0,100.0,41.0,116.0,0.05293890706359489,0.13932980599647266,73.56613756613756,2026-08-30,PPML-FE ridge v0.1,0.1-auditoria
2026,BOTAFOGO,Maternal II,0,567.0,5,0,0,5,38.83045858113753,26.0,53.0,20.0,62.0,0.05293890706359489,0.04903677758318739,27.80385288966725,2026-08-30,PPML-FE ridge v0.1,0.1-auditoria
2026,BRAS PINA,Bercario,0,725.0,5,5,0,0,142.30427689007433,100.0,188.0,82.0,218.0,0.05293890706359489,0.2286096256684492,165.74197860962568,2026-08-30,PPML-FE ridge v0.1,0.1-auditoria
2026,BRAS PINA,Maternal I,0,390.0,5,0,5,0,115.15877215886063,80.0,153.0,66.0,177.0,0.05293890706359489,0.4580335731414868,178.63309352517985,2026-08-30,PPML-FE ridge v0.1,0.1-auditoria
2026,BRAS PINA,Maternal II,0,417.0,5,0,0,5,59.789847402692835,41.0,81.0,32.0,94.0,0.05293890706359489,0.1570796460176991,65.50221238938053,2026-08-30,PPML-FE ridge v0.1,0.1-auditoria
2026,CACHAMBI,Bercario,0,556.0,5,5,0,0,71.86818786298856,49.0,96.0,40.0,112.0,0.05293890706359489,0.13580246913580246,75.50617283950616,2026-08-30,PPML-FE ridge v0.1,0.1-auditoria
2026,CACHAMBI,Maternal I,0,294.0,5,0,5,0,57.16914612449071,39.0,77.0,31.0,90.0,0.05293890706359489,0.18627450980392157,54.76470588235294,2026-08-30,PPML-FE ridge v0.1,0.1-auditoria
2026,CACHAMBI,Maternal II,0,306.0,5,0,0,5,28.893142071728004,18.0,40.0,14.0,47.0,0.05293890706359489,0.05379746835443038,16.462025316455698,2026-08-30,PPML-FE ridge v0.1,0.1-auditoria
2026,CACUIA,Bercario,0,167.0,5,5,0,0,34.40527568511986,22.0,47.0,17.0,56.0,0.05293890706359489,0.18497109826589594,30.89017341040462,2026-08-30,PPML-FE ridge v0.1,0.1-auditoria
2026,CACUIA,Maternal I,0,90.0,5,0,5,0,27.89353475480177,18.0,39.0,14.0,46.0,0.05293890706359489,0.2808988764044944,25.280898876404496,2026-08-30,PPML-FE ridge v0.1,0.1-auditoria
2026,CACUIA,Maternal II,0,89.0,5,0,0,5,13.393991575455313,8.0,20.0,5.0,24.0,0.05293890706359489,0.3373493975903614,30.024096385542165,2026-08-30,PPML-FE ridge v0.1,0.1-auditoria
2026,CAJU,Bercario,0,603.0,5,5,0,0,200.80833843439066,142.0,265.0,117.0,306.0,0.05293890706359489,0.27751196172248804,167.3397129186603,2026-08-30,PPML-FE ridge v0.1,0.1-auditoria
2026,CAJU,Maternal I,0,329.0,5,0,5,0,164.8210972116948,116.0,218.0,95.0,252.0,0.05293890706359489,0.41389728096676737,136.17220543806647,2026-08-30,PPML-FE ridge v0.1,0.1-auditoria
2026,CAJU,Maternal II,0,331.0,5,0,0,5,80.52001888473212,55.0,108.0,45.0,125.0,0.05293890706359489,0.16023738872403562,53.03857566765579,2026-08-30,PPML-FE ridge v0.1,0.1-auditoria
2026,CAMORIM,Bercario,0,55.0,5,5,0,0,34.45461001660812,22.0,47.0,17.0,56.0,0.05293890706359489,0.6796116504854369,37.37864077669903,2026-08-30,PPML-FE ridge v0.1,0.1-auditoria
2026,CAMORIM,Maternal I,0,80.0,5,0,5,0,75.39232013392039,52.0,101.0,42.0,117.0,0.05293890706359489,0.34959349593495936,27.96747967479675,2026-08-30,PPML-FE ridge v0.1,0.1-auditoria
2026,CAMORIM,Maternal II,0,123.0,5,0,0,5,56.286106015716314,38.0,76.0,30.0,89.0,0.05293890706359489,0.25882352941176473,31.835294117647063,2026-08-30,PPML-FE ridge v0.1,0.1-auditoria
2026,CAMPINHO,Bercario,0,180.0,5,5,0,0,38.807813347666006,26.0,53.0,20.0,62.0,0.05293890706359489,0.22164948453608246,39.896907216494846,2026-08-30,PPML-FE ridge v0.1,0.1-auditoria
2026,CAMPINHO,Maternal I,0,107.0,5,0,5,0,34.70427034746601,23.0,48.0,18.0,56.0,0.05293890706359489,0.47,50.29,2026-08-30,PPML-FE ridge v0.1,0.1-auditoria
2026,CAMPINHO,Maternal II,0,100.0,5,0,0,5,15.74918597843401,9.0,23.0,7.0,27.0,0.05293890706359489,0.1504424778761062,15.04424778761062,2026-08-30,PPML-FE ridge v0.1,0.1-auditoria
2026,CAMPO AFONSOS,Bercario,0,70.0,5,5,0,0,11.783840528722438,6.0,18.0,4.0,21.0,0.05293890706359489,0.0410958904109589,2.8767123287671232,2026-08-30,PPML-FE ridge v0.1,0.1-auditoria
2026,CAMPO AFONSOS,Maternal I,0,41.0,5,0,5,0,10.383054789362232,6.0,16.0,4.0,19.0,0.05293890706359489,0.03225806451612903,1.3225806451612903,2026-08-30,PPML-FE ridge v0.1,0.1-auditoria
2026,CAMPO AFONSOS,Maternal II,0,31.0,5,0,0,5,3.8120795438561736,1.0,7.0,0.0,9.0,0.05293890706359489,0.10344827586206896,3.206896551724138,2026-08-30,PPML-FE ridge v0.1,0.1-auditoria
2026,CAMPO GRANDE,Bercario,0,6911.0,5,5,0,0,2043.9703096340445,1467.0,2668.0,1225.0,3068.0,0.05293890706359489,0.21254404510218464,1468.891895701198,2026-08-30,PPML-FE ridge v0.1,0.1-auditoria
2026,CAMPO GRANDE,Maternal I,0,3685.0,5,0,5,0,1639.5461839357783,1176.0,2141.0,982.0,2462.0,0.05293890706359489,0.3648717948717949,1344.5525641025642,2026-08-30,PPML-FE ridge v0.1,0.1-auditoria
2026,CAMPO GRANDE,Maternal II,0,3900.0,5,0,0,5,842.5772734578572,603.0,1101.0,503.0,1268.0,0.05293890706359489,0.19133574007220217,746.2093862815884,2026-08-30,PPML-FE ridge v0.1,0.1-auditoria
2026,CASCADURA,Bercario,0,497.0,5,5,0,0,145.48143671954836,102.0,192.0,84.0,223.0,0.05293890706359489,0.20840950639853748,103.57952468007312,2026-08-30,PPML-FE ridge v0.1,0.1-auditoria
2026,CASCADURA,Maternal I,0,293.0,5,0,5,0,129.02423281397918,90.0,171.0,74.0,198.0,0.05293890706359489,0.3223684210526316,94.45394736842105,2026-08-30,PPML-FE ridge v0.1,0.1-auditoria
2026,CASCADURA,Maternal II,0,304.0,5,0,0,5,65.00342200440895,44.0,87.0,36.0,102.0,0.05293890706359489,0.22448979591836735,68.24489795918367,2026-08-30,PPML-FE ridge v0.1,0.1-auditoria
2026,CATETE,Bercario,0,309.0,5,5,0,0,52.322338069701225,35.0,71.0,28.0,83.0,0.05293890706359489,0.15963855421686746,49.32831325301204,2026-08-30,PPML-FE ridge v0.1,0.1-auditoria
2026,CATETE,Maternal I,0,169.0,5,0,5,0,43.049473091048746,29.0,59.0,23.0,69.0,0.05293890706359489,0.19540229885057472,33.02298850574713,2026-08-30,PPML-FE ridge v0.1,0.1-auditoria
2026,CATETE,Maternal II,0,174.0,5,0,0,5,21.522333425687336,13.0,30.0,10.0,36.0,0.05293890706359489,0.1375,23.925,2026-08-30,PPML-FE ridge v0.1,0.1-auditoria
2026,CATUMBI,Bercario,0,270.0,5,5,0,0,107.89005807086936,75.0,143.0,61.0,166.0,0.05293890706359489,0.46037735849056605,124.30188679245283,2026-08-30,PPML-FE ridge v0.1,0.1-auditoria
2026,CATUMBI,Maternal I,0,127.0,5,0,5,0,76.3438145936063,52.0,102.0,42.0,119.0,0.05293890706359489,0.33783783783783783,42.9054054054054,2026-08-30,PPML-FE ridge v0.1,0.1-auditoria
2026,CATUMBI,Maternal II,0,148.0,5,0,0,5,43.20070377492429,29.0,59.0,23.0,69.0,0.05293890706359489,0.13259668508287292,19.624309392265193,2026-08-30,PPML-FE ridge v0.1,0.1-auditoria
2026,CAVALCANTE,Bercario,0,286.0,5,5,0,0,90.28316301982514,62.0,120.0,51.0,140.0,0.05293890706359489,0.25675675675675674,73.43243243243244,2026-08-30,PPML-FE ridge v0.1,0.1-auditoria
2026,CAVALCANTE,Maternal I,0,153.0,5,0,5,0,72.65820023858673,50.0,97.0,40.0,113.0,0.05293890706359489,0.4394904458598726,67.24203821656052,2026-08-30,PPML-FE ridge v0.1,0.1-auditoria
2026,CAVALCANTE,Maternal II,0,157.0,5,0,0,5,36.20360592874766,24.0,50.0,18.0,59.0,0.05293890706359489,0.24539877300613497,38.52760736196319,2026-08-30,PPML-FE ridge v0.1,0.1-auditoria
2026,CENTRO,Bercario,0,365.0,5,5,0,0,128.61432742182706,90.0,170.0,74.0,197.0,0.05293890706359489,0.328,119.72,2026-08-30,PPML-FE ridge v0.1,0.1-auditoria
2026,CENTRO,Maternal I,0,199.0,5,0,5,0,105.48775151232708,73.0,140.0,60.0,163.0,0.05293890706359489,0.4074074074074074,81.07407407407408,2026-08-30,PPML-FE ridge v0.1,0.1-auditoria
2026,CENTRO,Maternal II,0,243.0,5,0,0,5,62.54811182047714,42.0,84.0,34.0,98.0,0.05293890706359489,0.19123505976095617,46.47011952191235,2026-08-30,PPML-FE ridge v0.1,0.1-auditoria
2026,CIDADE DEUS,Bercario,0,1031.0,5,5,0,0,418.9318041394627,298.0,549.0,248.0,633.0,0.05293890706359489,0.41379310344827586,426.6206896551724,2026-08-30,PPML-FE ridge v0.1,0.1-auditoria
2026,CIDADE DEUS,Maternal I,0,559.0,5,0,5,0,341.7031222492393,243.0,448.0,202.0,517.0,0.05293890706359489,0.7123519458544839,398.2047377326565,2026-08-30,PPML-FE ridge v0.1,0.1-auditoria
2026,CIDADE DEUS,Maternal II,0,591.0,5,0,0,5,175.42181149410044,124.0,232.0,102.0,268.0,0.05293890706359489,0.13935681470137826,82.35987748851456,2026-08-30,PPML-FE ridge v0.1,0.1-auditoria
2026,CIDADE NOVA,Bercario,0,80.0,5,5,0,0,24.768606181288845,16.0,35.0,12.0,41.0,0.05293890706359489,0.3125,25.0,2026-08-30,PPML-FE ridge v0.1,0.1-auditoria
2026,CIDADE NOVA,Maternal I,0,41.0,5,0,5,0,19.0962420196039,12.0,27.0,8.0,33.0,0.05293890706359489,0.45652173913043476,18.717391304347824,2026-08-30,PPML-FE ridge v0.1,0.1-auditoria
2026,CIDADE NOVA,Maternal II,0,46.0,5,0,0,5,10.403533176164895,6.0,16.0,4.0,19.0,0.05293890706359489,0.1,4.6000000000000005,2026-08-30,PPML-FE ridge v0.1,0.1-auditoria
2026,CIDADE UNIVERSITARIA,Bercario,0,25.0,5,5,0,0,4.967664972333299,2.0,8.0,1.0,11.0,0.05293890706359489,0.25,6.25,2026-08-30,PPML-FE ridge v0.1,0.1-auditoria
2026,CIDADE UNIVERSITARIA,Maternal I,0,13.0,5,0,5,0,3.8860475888154546,1.0,7.0,0.0,9.0,0.05293890706359489,0.1,1.3,2026-08-30,PPML-FE ridge v0.1,0.1-auditoria
2026,CIDADE UNIVERSITARIA,Maternal II,0,10.0,5,0,0,5,1.451522371420213,0.0,3.0,0.0,4.0,0.05293890706359489,0.0,0.0,2026-08-30,PPML-FE ridge v0.1,0.1-auditoria
2026,COCOTA,Bercario,0,89.0,5,5,0,0,17.979721703762493,11.0,26.0,8.0,31.0,0.05293890706359489,0.21052631578947367,18.736842105263158,2026-08-30,PPML-FE ridge v0.1,0.1-auditoria
2026,COCOTA,Maternal I,0,39.0,5,0,5,0,11.852502023328196,7.0,18.0,4.0,21.0,0.05293890706359489,0.38461538461538464,15.0,2026-08-30,PPML-FE ridge v0.1,0.1-auditoria
2026,COCOTA,Maternal II,0,52.0,5,0,0,5,7.6737517614843584,4.0,12.0,2.0,15.0,0.05293890706359489,0.22857142857142856,11.885714285714286,2026-08-30,PPML-FE ridge v0.1,0.1-auditoria
2026,COELHO NETO,Bercario,0,507.0,5,5,0,0,205.22997678021608,145.0,270.0,120.0,312.0,0.05293890706359489,0.31956912028725315,162.02154398563735,2026-08-30,PPML-FE ridge v0.1,0.1-auditoria
2026,COELHO NETO,Maternal I,0,314.0,5,0,5,0,191.21191773019518,135.0,252.0,111.0,291.0,0.05293890706359489,0.49295774647887325,154.7887323943662,2026-08-30,PPML-FE ridge v0.1,0.1-auditoria
2026,COELHO NETO,Maternal II,0,284.0,5,0,0,5,83.97743791408804,58.0,112.0,47.0,130.0,0.05293890706359489,0.31788079470198677,90.27814569536424,2026-08-30,PPML-FE ridge v0.1,0.1-auditoria
2026,COLEGIO,Bercario,0,574.0,5,5,0,0,167.44270184888617,118.0,221.0,97.0,256.0,0.05293890706359489,0.23450586264656617,134.60636515912898,2026-08-30,PPML-FE ridge v0.1,0.1-auditoria
2026,COLEGIO,Maternal I,0,321.0,5,0,5,0,140.86783358382039,99.0,186.0,81.0,216.0,0.05293890706359489,0.32285714285714284,103.63714285714285,2026-08-30,PPML-FE ridge v0.1,0.1-auditoria
2026,COLEGIO,Maternal II,0,350.0,5,0,0,5,74.58196455818728,51.0,100.0,41.0,116.0,0.05293890706359489,0.2937853107344633,102.82485875706215,2026-08-30,PPML-FE ridge v0.1,0.1-auditoria
2026,COMPLEXO ALEMAO,Bercario,0,850.0,5,5,0,0,38.23583092728292,25.0,52.0,20.0,62.0,0.05293890706359489,0.0,0.0,2026-08-30,PPML-FE ridge v0.1,0.1-auditoria
2026,COMPLEXO ALEMAO,Maternal I,0,410.0,5,0,5,0,27.745204872320972,18.0,39.0,13.0,46.0,0.05293890706359489,0.004310344827586207,1.7672413793103448,2026-08-30,PPML-FE ridge v0.1,0.1-auditoria
2026,COMPLEXO ALEMAO,Maternal II,0,232.0,5,0,0,5,7.6234408598376335,4.0,12.0,2.0,15.0,0.05293890706359489,0.0,0.0,2026-08-30,PPML-FE ridge v0.1,0.1-auditoria
2026,COMPLEXO MARE,Bercario,0,2988.0,5,5,0,0,775.0203077242047,554.0,1013.0,462.0,1166.0,0.05293890706359489,0.18424479166666666,550.5234375,2026-08-30,PPML-FE ridge v0.1,0.1-auditoria
2026,COMPLEXO MARE,Maternal I,0,1576.0,5,0,5,0,614.9519384999303,439.0,805.0,366.0,926.0,0.05293890706359489,0.398838334946757,628.5692158760891,2026-08-30,PPML-FE ridge v0.1,0.1-auditoria
2026,COMPLEXO MARE,Maternal II,0,1033.0,5,0,0,5,195.72407739981233,138.0,258.0,114.0,298.0,0.05293890706359489,0.20014450867052022,206.74927745664738,2026-08-30,PPML-FE ridge v0.1,0.1-auditoria
2026,COPACABANA,Bercario,0,1478.0,5,5,0,0,245.37679800416177,174.0,323.0,144.0,372.0,0.05293890706359489,0.1707936507936508,252.43301587301588,2026-08-30,PPML-FE ridge v0.1,0.1-auditoria
2026,COPACABANA,Maternal I,0,866.0,5,0,5,0,216.2865062261067,153.0,285.0,126.0,329.0,0.05293890706359489,0.2505720823798627,216.9954233409611,2026-08-30,PPML-FE ridge v0.1,0.1-auditoria
2026,COPACABANA,Maternal II,0,874.0,5,0,0,5,105.9941599652952,74.0,141.0,60.0,163.0,0.05293890706359489,0.10982658959537572,95.98843930635839,2026-08-30,PPML-FE ridge v0.1,0.1-auditoria
2026,CORDOVIL,Bercario,0,638.0,5,5,0,0,152.11738338822238,107.0,201.0,88.0,233.0,0.05293890706359489,0.2823871906841339,180.16302765647745,2026-08-30,PPML-FE ridge v0.1,0.1-auditoria
2026,CORDOVIL,Maternal I,0,365.0,5,0,5,0,130.9192487605815,92.0,173.0,75.0,201.0,0.05293890706359489,0.3089430894308943,112.76422764227642,2026-08-30,PPML-FE ridge v0.1,0.1-auditoria
2026,CORDOVIL,Maternal II,0,369.0,5,0,0,5,64.26817648586469,44.0,86.0,35.0,101.0,0.05293890706359489,0.23459715639810427,86.56635071090048,2026-08-30,PPML-FE ridge v0.1,0.1-auditoria
2026,COSME VELHO,Bercario,0,108.0,5,5,0,0,24.62400797021554,15.0,35.0,12.0,41.0,0.05293890706359489,0.2604166666666667,28.125000000000004,2026-08-30,PPML-FE ridge v0.1,0.1-auditoria
2026,COSME VELHO,Maternal I,0,51.0,5,0,5,0,17.492731742477037,10.0,25.0,8.0,30.0,0.05293890706359489,0.328125,16.734375,2026-08-30,PPML-FE ridge v0.1,0.1-auditoria
2026,COSME VELHO,Maternal II,0,64.0,5,0,0,5,10.659244039905065,6.0,16.0,4.0,20.0,0.05293890706359489,0.05333333333333334,3.4133333333333336,2026-08-30,PPML-FE ridge v0.1,0.1-auditoria
2026,COSMOS,Bercario,0,1965.0,5,5,0,0,660.6039552007127,472.0,864.0,393.0,995.0,0.05293890706359489,0.27704997573993206,544.4032023289665,2026-08-30,PPML-FE ridge v0.1,0.1-auditoria
2026,COSMOS,Maternal I,0,1049.0,5,0,5,0,530.5258813628882,379.0,695.0,315.0,800.0,0.05293890706359489,0.4341736694677871,455.4481792717087,2026-08-30,PPML-FE ridge v0.1,0.1-auditoria
2026,COSMOS,Maternal II,0,1071.0,5,0,0,5,263.0144017020226,186.0,346.0,154.0,399.0,0.05293890706359489,0.23380035026269702,250.4001751313485,2026-08-30,PPML-FE ridge v0.1,0.1-auditoria
2026,COSTA BARROS,Bercario,0,776.0,5,5,0,0,316.5368136211372,225.0,416.0,187.0,479.0,0.05293890706359489,0.41448189762796506,321.63795255930086,2026-08-30,PPML-FE ridge v0.1,0.1-auditoria
2026,COSTA BARROS,Maternal I,0,419.0,5,0,5,0,257.11593923576334,182.0,338.0,151.0,390.0,0.05293890706359489,0.3611111111111111,151.30555555555554,2026-08-30,PPML-FE ridge v0.1,0.1-auditoria
2026,COSTA BARROS,Maternal II,0,540.0,5,0,0,5,160.90432160500168,113.0,213.0,93.0,246.0,0.05293890706359489,0.2174721189591078,117.43494423791822,2026-08-30,PPML-FE ridge v0.1,0.1-auditoria
2026,CURICICA,Bercario,0,700.0,5,5,0,0,201.30185984759711,142.0,265.0,117.0,306.0,0.05293890706359489,0.30200501253132833,211.40350877192984,2026-08-30,PPML-FE ridge v0.1,0.1-auditoria
2026,CURICICA,Maternal I,0,449.0,5,0,5,0,194.24442404041116,137.0,256.0,113.0,296.0,0.05293890706359489,0.28345323741007195,127.2705035971223,2026-08-30,PPML-FE ridge v0.1,0.1-auditoria
2026,CURICICA,Maternal II,0,695.0,5,0,0,5,145.9976938361879,102.0,193.0,84.0,223.0,0.05293890706359489,0.23052959501557632,160.21806853582555,2026-08-30,PPML-FE ridge v0.1,0.1-auditoria
2026,DEL CASTILHO,Bercario,0,440.0,5,5,0,0,114.89474474272663,80.0,153.0,65.0,177.0,0.05293890706359489,0.3479212253829322,153.08533916849015,2026-08-30,PPML-FE ridge v0.1,0.1-auditoria
2026,DEL CASTILHO,Maternal I,0,225.0,5,0,5,0,88.38579624050992,61.0,118.0,50.0,137.0,0.05293890706359489,0.27615062761506276,62.13389121338912,2026-08-30,PPML-FE ridge v0.1,0.1-auditoria
2026,DEL CASTILHO,Maternal II,0,239.0,5,0,0,5,45.588660611673205,30.0,62.0,24.0,73.0,0.05293890706359489,0.14772727272727273,35.30681818181819,2026-08-30,PPML-FE ridge v0.1,0.1-auditoria
2026,DEODORO,Bercario,0,231.0,5,5,0,0,94.96192018664969,66.0,127.0,54.0,147.0,0.05293890706359489,0.3389830508474576,78.30508474576271,2026-08-30,PPML-FE ridge v0.1,0.1-auditoria
2026,DEODORO,Maternal I,0,122.0,5,0,5,0,75.44836119714076,52.0,101.0,42.0,118.0,0.05293890706359489,0.4012738853503185,48.955414012738856,2026-08-30,PPML-FE ridge v0.1,0.1-auditoria
2026,DEODORO,Maternal II,0,157.0,5,0,0,5,47.14640732962981,31.0,64.0,25.0,75.0,0.05293890706359489,0.25,39.25,2026-08-30,PPML-FE ridge v0.1,0.1-auditoria
2026,ENCANTADO,Bercario,0,179.0,5,5,0,0,39.53145808883416,26.0,54.0,20.0,64.0,0.05293890706359489,0.2074468085106383,37.13297872340426,2026-08-30,PPML-FE ridge v0.1,0.1-auditoria
2026,ENCANTADO,Maternal I,0,93.0,5,0,5,0,30.89763392142353,20.0,43.0,15.0,51.0,0.05293890706359489,0.42857142857142855,39.857142857142854,2026-08-30,PPML-FE ridge v0.1,0.1-auditoria
2026,ENCANTADO,Maternal II,0,91.0,5,0,0,5,14.68056054269539,8.0,21.0,6.0,26.0,0.05293890706359489,0.19791666666666666,18.010416666666664,2026-08-30,PPML-FE ridge v0.1,0.1-auditoria
2026,ENGENHEIRO LEAL,Bercario,0,96.0,5,5,0,0,24.551040706281846,15.0,34.0,12.0,41.0,0.05293890706359489,0.06896551724137931,6.620689655172414,2026-08-30,PPML-FE ridge v0.1,0.1-auditoria
2026,ENGENHEIRO LEAL,Maternal I,0,70.0,5,0,5,0,26.930795730684544,17.0,38.0,13.0,44.0,0.05293890706359489,0.4090909090909091,28.636363636363637,2026-08-30,PPML-FE ridge v0.1,0.1-auditoria
2026,ENGENHEIRO LEAL,Maternal II,0,66.0,5,0,0,5,12.329743805633843,7.0,18.0,5.0,22.0,0.05293890706359489,0.4098360655737705,27.049180327868854,2026-08-30,PPML-FE ridge v0.1,0.1-auditoria
2026,ENGENHO DENTRO,Bercario,0,684.0,5,5,0,0,146.44380291964288,103.0,194.0,84.0,224.0,0.05293890706359489,0.22772277227722773,155.76237623762376,2026-08-30,PPML-FE ridge v0.1,0.1-auditoria
2026,ENGENHO DENTRO,Maternal I,0,366.0,5,0,5,0,117.88226028081245,82.0,156.0,67.0,181.0,0.05293890706359489,0.38676844783715014,141.55725190839695,2026-08-30,PPML-FE ridge v0.1,0.1-auditoria
2026,ENGENHO DENTRO,Maternal II,0,393.0,5,0,0,5,61.46372693825453,42.0,83.0,33.0,97.0,0.05293890706359489,0.16745283018867924,65.80896226415094,2026-08-30,PPML-FE ridge v0.1,0.1-auditoria
2026,ENGENHO NOVO,Bercario,0,670.0,5,5,0,0,178.13261281963807,125.0,235.0,103.0,272.0,0.05293890706359489,0.30687830687830686,205.6084656084656,2026-08-30,PPML-FE ridge v0.1,0.1-auditoria
2026,ENGENHO NOVO,Maternal I,0,428.0,5,0,5,0,171.18467272510534,120.0,226.0,99.0,261.0,0.05293890706359489,0.2897196261682243,123.99999999999999,2026-08-30,PPML-FE ridge v0.1,0.1-auditoria
2026,ENGENHO NOVO,Maternal II,0,428.0,5,0,0,5,83.12350514333843,57.0,111.0,46.0,129.0,0.05293890706359489,0.11926605504587157,51.04587155963303,2026-08-30,PPML-FE ridge v0.1,0.1-auditoria
2026,ENGENHO RAINHA,Bercario,0,448.0,5,5,0,0,118.71286327525998,83.0,158.0,68.0,182.0,0.05293890706359489,0.23319327731092437,104.47058823529412,2026-08-30,PPML-FE ridge v0.1,0.1-auditoria
2026,ENGENHO RAINHA,Maternal I,0,248.0,5,0,5,0,98.86075419038411,69.0,132.0,56.0,153.0,0.05293890706359489,0.3602941176470588,89.3529411764706,2026-08-30,PPML-FE ridge v0.1,0.1-auditoria
2026,ENGENHO RAINHA,Maternal II,0,272.0,5,0,0,5,52.65021073863562,35.0,71.0,28.0,83.0,0.05293890706359489,0.16996047430830039,46.2292490118577,2026-08-30,PPML-FE ridge v0.1,0.1-auditoria
2026,ESTACIO,Bercario,0,328.0,5,5,0,0,116.711816364048,81.0,155.0,67.0,179.0,0.05293890706359489,0.31142857142857144,102.14857142857143,2026-08-30,PPML-FE ridge v0.1,0.1-auditoria
2026,ESTACIO,Maternal I,0,175.0,5,0,5,0,93.6766832142469,65.0,125.0,53.0,145.0,0.05293890706359489,0.34831460674157305,60.95505617977528,2026-08-30,PPML-FE ridge v0.1,0.1-auditoria
2026,ESTACIO,Maternal II,0,178.0,5,0,0,5,46.26711612610225,31.0,63.0,24.0,74.0,0.05293890706359489,0.17766497461928935,31.624365482233504,2026-08-30,PPML-FE ridge v0.1,0.1-auditoria
2026,FLAMENGO,Bercario,0,510.0,5,5,0,0,54.7307894694376,37.0,74.0,29.0,86.0,0.05293890706359489,0.07945736434108527,40.52325581395349,2026-08-30,PPML-FE ridge v0.1,0.1-auditoria
2026,FLAMENGO,Maternal I,0,268.0,5,0,5,0,43.266204941399714,29.0,59.0,23.0,69.0,0.05293890706359489,0.10101010101010101,27.07070707070707,2026-08-30,PPML-FE ridge v0.1,0.1-auditoria
2026,FLAMENGO,Maternal II,0,297.0,5,0,0,5,23.282490248317195,14.0,33.0,11.0,39.0,0.05293890706359489,0.057034220532319393,16.93916349809886,2026-08-30,PPML-FE ridge v0.1,0.1-auditoria
2026,FREGUESIA ILHA,Bercario,0,353.0,5,5,0,0,83.90908144891006,58.0,112.0,47.0,130.0,0.05293890706359489,0.2336448598130841,82.4766355140187,2026-08-30,PPML-FE ridge v0.1,0.1-auditoria
2026,FREGUESIA ILHA,Maternal I,0,165.0,5,0,5,0,59.002535951476396,40.0,80.0,32.0,93.0,0.05293890706359489,0.27741935483870966,45.774193548387096,2026-08-30,PPML-FE ridge v0.1,0.1-auditoria
2026,FREGUESIA ILHA,Maternal II,0,155.0,5,0,0,5,26.913947659349407,17.0,38.0,13.0,44.0,0.05293890706359489,0.10588235294117647,16.41176470588235,2026-08-30,PPML-FE ridge v0.1,0.1-auditoria
2026,FREGUESIA JPA,Bercario,0,1130.0,5,5,0,0,157.95207102075761,111.0,209.0,91.0,241.0,0.05293890706359489,0.12116040955631399,136.91126279863482,2026-08-30,PPML-FE ridge v0.1,0.1-auditoria
2026,FREGUESIA JPA,Maternal I,0,595.0,5,0,5,0,125.1169990780691,87.0,166.0,72.0,192.0,0.05293890706359489,0.16613418530351437,98.84984025559105,2026-08-30,PPML-FE ridge v0.1,0.1-auditoria
2026,FREGUESIA JPA,Maternal II,0,626.0,5,0,0,5,63.919395358443744,43.0,86.0,35.0,100.0,0.05293890706359489,0.051696284329563816,32.36187399030695,2026-08-30,PPML-FE ridge v0.1,0.1-auditoria
2026,GALEAO,Bercario,0,546.0,5,5,0,0,159.191281087445,112.0,210.0,92.0,243.0,0.05293890706359489,0.17647058823529413,96.3529411764706,2026-08-30,PPML-FE ridge v0.1,0.1-auditoria
2026,GALEAO,Maternal I,0,309.0,5,0,5,0,135.53067050633388,95.0,179.0,78.0,208.0,0.05293890706359489,0.25360230547550433,78.36311239193084,2026-08-30,PPML-FE ridge v0.1,0.1-auditoria
2026,GALEAO,Maternal II,0,347.0,5,0,0,5,73.90393341391871,51.0,99.0,41.0,115.0,0.05293890706359489,0.2054794520547945,71.30136986301369,2026-08-30,PPML-FE ridge v0.1,0.1-auditoria
2026,GAMBOA,Bercario,0,249.0,5,5,0,0,71.21807366245267,49.0,96.0,39.0,111.0,0.05293890706359489,0.21794871794871795,54.26923076923077,2026-08-30,PPML-FE ridge v0.1,0.1-auditoria
2026,GAMBOA,Maternal I,0,125.0,5,0,5,0,53.78403252489496,36.0,73.0,29.0,85.0,0.05293890706359489,0.31746031746031744,39.682539682539684,2026-08-30,PPML-FE ridge v0.1,0.1-auditoria
2026,GAMBOA,Maternal II,0,126.0,5,0,0,5,26.325271830165335,17.0,37.0,13.0,44.0,0.05293890706359489,0.15384615384615385,19.384615384615387,2026-08-30,PPML-FE ridge v0.1,0.1-auditoria
2026,GARDENIA AZUL,Bercario,0,715.0,5,5,0,0,266.7882874324672,189.0,351.0,157.0,405.0,0.05293890706359489,0.2906208718626156,207.79392338177016,2026-08-30,PPML-FE ridge v0.1,0.1-auditoria
2026,GARDENIA AZUL,Maternal I,0,424.0,5,0,5,0,238.00114503218452,168.0,313.0,139.0,361.0,0.05293890706359489,0.444234404536862,188.3553875236295,2026-08-30,PPML-FE ridge v0.1,0.1-auditoria
2026,GARDENIA AZUL,Maternal II,0,529.0,5,0,0,5,144.18757350151117,101.0,191.0,83.0,221.0,0.05293890706359489,0.3644251626898048,192.78091106290674,2026-08-30,PPML-FE ridge v0.1,0.1-auditoria
2026,GAVEA,Bercario,0,251.0,5,5,0,0,125.99076695773678,88.0,167.0,72.0,193.0,0.05293890706359489,0.7275985663082437,182.62724014336916,2026-08-30,PPML-FE ridge v0.1,0.1-auditoria
2026,GAVEA,Maternal I,0,165.0,5,0,5,0,124.59522963710863,87.0,165.0,71.0,191.0,0.05293890706359489,0.7485029940119761,123.50299401197606,2026-08-30,PPML-FE ridge v0.1,0.1-auditoria
2026,GAVEA,Maternal II,0,167.0,5,0,0,5,61.234039940598926,42.0,83.0,33.0,96.0,0.05293890706359489,0.3567251461988304,59.57309941520467,2026-08-30,PPML-FE ridge v0.1,0.1-auditoria
2026,GERICINO,Bercario,0,28.0,5,5,0,0,5.423901100160302,2.0,9.0,1.0,11.0,0.05293890706359489,0.0,0.0,2026-08-30,PPML-FE ridge v0.1,0.1-auditoria
2026,GERICINO,Maternal I,0,19.0,5,0,5,0,5.536812338513437,2.0,9.0,1.0,11.0,0.05293890706359489,0.2803351896750988,5.326368603826877,2026-08-30,PPML-FE ridge v0.1,0.1-auditoria
2026,GLORIA,Bercario,0,89.0,5,5,0,0,26.962432698402246,17.0,38.0,13.0,45.0,0.05293890706359489,0.46,40.940000000000005,2026-08-30,PPML-FE ridge v0.1,0.1-auditoria
2026,GLORIA,Maternal I,0,57.0,5,0,5,0,25.977442699755798,16.0,36.0,12.0,43.0,0.05293890706359489,0.5227272727272727,29.795454545454543,2026-08-30,PPML-FE ridge v0.1,0.1-auditoria
2026,GLORIA,Maternal II,0,44.0,5,0,0,5,9.737179760470314,5.0,15.0,3.0,18.0,0.05293890706359489,0.11594202898550725,5.101449275362319,2026-08-30,PPML-FE ridge v0.1,0.1-auditoria
2026,GRAJAU,Bercario,0,378.0,5,5,0,0,68.19001568290179,47.0,92.0,37.0,107.0,0.05293890706359489,0.16009280742459397,60.515081206496525,2026-08-30,PPML-FE ridge v0.1,0.1-auditoria
2026,GRAJAU,Maternal I,0,222.0,5,0,5,0,60.24686284517649,41.0,81.0,33.0,95.0,0.05293890706359489,0.10256410256410256,22.76923076923077,2026-08-30,PPML-FE ridge v0.1,0.1-auditoria
2026,GRAJAU,Maternal II,0,234.0,5,0,0,5,30.835876079468278,20.0,43.0,15.0,50.0,0.05293890706359489,0.0735930735930736,17.22077922077922,2026-08-30,PPML-FE ridge v0.1,0.1-auditoria
2026,GRUMARI,Bercario,0,1.0,5,5,0,0,0.2113442175910042,0.0,1.0,0.0,1.0,0.05293890706359489,0.0,0.0,2026-08-30,PPML-FE ridge v0.1,0.1-auditoria
2026,GRUMARI,Maternal I,0,4.0,5,0,5,0,1.271753184387571,0.0,3.0,0.0,4.0,0.05293890706359489,0.5,2.0,2026-08-30,PPML-FE ridge v0.1,0.1-auditoria
2026,GRUMARI,Maternal II,0,2.0,5,0,0,5,0.3087676620828503,0.0,1.0,0.0,2.0,0.05293890706359489,0.2,0.4,2026-08-30,PPML-FE ridge v0.1,0.1-auditoria
2026,GUADALUPE,Bercario,0,710.0,5,5,0,0,172.03835685973579,121.0,227.0,100.0,262.0,0.05293890706359489,0.20291777188328913,144.0716180371353,2026-08-30,PPML-FE ridge v0.1,0.1-auditoria
2026,GUADALUPE,Maternal I,0,400.0,5,0,5,0,145.80734467481346,102.0,193.0,84.0,223.0,0.05293890706359489,0.28482328482328484,113.92931392931393,2026-08-30,PPML-FE ridge v0.1,0.1-auditoria
2026,GUADALUPE,Maternal II,0,481.0,5,0,0,5,85.13800266062702,59.0,114.0,48.0,132.0,0.05293890706359489,0.22954091816367264,110.40918163672654,2026-08-30,PPML-FE ridge v0.1,0.1-auditoria
2026,GUARATIBA,Bercario,0,3716.0,5,5,0,0,1318.7288039513699,945.0,1722.0,789.0,1981.0,0.05293890706359489,0.2520303194369247,936.5446670276123,2026-08-30,PPML-FE ridge v0.1,0.1-auditoria
2026,GUARATIBA,Maternal I,0,1839.0,5,0,5,0,981.7795656073497,703.0,1283.0,586.0,1476.0,0.05293890706359489,0.45439283715724677,835.6284275321768,2026-08-30,PPML-FE ridge v0.1,0.1-auditoria
2026,GUARATIBA,Maternal II,0,1787.0,5,0,0,5,463.2503789181057,330.0,607.0,275.0,699.0,0.05293890706359489,0.3247639034627492,580.3530954879328,2026-08-30,PPML-FE ridge v0.1,0.1-auditoria
2026,HIGIENOPOLIS,Bercario,0,228.0,5,5,0,0,43.524827422892756,29.0,59.0,23.0,70.0,0.05293890706359489,0.20982142857142858,47.839285714285715,2026-08-30,PPML-FE ridge v0.1,0.1-auditoria
2026,HIGIENOPOLIS,Maternal I,0,101.0,5,0,5,0,29.005212865169085,19.0,40.0,14.0,48.0,0.05293890706359489,0.2761904761904762,27.895238095238096,2026-08-30,PPML-FE ridge v0.1,0.1-auditoria
2026,HIGIENOPOLIS,Maternal II,0,105.0,5,0,0,5,14.642086010980604,8.0,21.0,6.0,26.0,0.05293890706359489,0.12612612612612611,13.243243243243242,2026-08-30,PPML-FE ridge v0.1,0.1-auditoria
2026,HONORIO GURGEL,Bercario,0,356.0,5,5,0,0,98.93174487927129,69.0,132.0,56.0,153.0,0.05293890706359489,0.24653739612188366,87.76731301939058,2026-08-30,PPML-FE ridge v0.1,0.1-auditoria
2026,HONORIO GURGEL,Maternal I,0,186.0,5,0,5,0,77.75907533681026,53.0,104.0,43.0,121.0,0.05293890706359489,0.354978354978355,66.02597402597404,2026-08-30,PPML-FE ridge v0.1,0.1-auditoria
2026,HONORIO GURGEL,Maternal II,0,231.0,5,0,0,5,46.89311626736645,31.0,64.0,25.0,75.0,0.05293890706359489,0.25225225225225223,58.27027027027027,2026-08-30,PPML-FE ridge v0.1,0.1-auditoria
2026,HUMAITA,Bercario,0,138.0,5,5,0,0,15.987688870104115,9.0,23.0,7.0,28.0,0.05293890706359489,0.0410958904109589,5.671232876712328,2026-08-30,PPML-FE ridge v0.1,0.1-auditoria
2026,HUMAITA,Maternal I,0,71.0,5,0,5,0,12.374208311896831,7.0,18.0,5.0,22.0,0.05293890706359489,0.09210526315789473,6.539473684210526,2026-08-30,PPML-FE ridge v0.1,0.1-auditoria
2026,HUMAITA,Maternal II,0,76.0,5,0,0,5,6.431786765572937,3.0,10.0,2.0,13.0,0.05293890706359489,0.023809523809523808,1.8095238095238093,2026-08-30,PPML-FE ridge v0.1,0.1-auditoria
2026,ILHA GUARATIBA,Bercario,0,141.0,5,5,0,0,28.95689700451061,19.0,40.0,14.0,48.0,0.05293890706359489,0.014492753623188406,2.0434782608695654,2026-08-30,PPML-FE ridge v0.1,0.1-auditoria
2026,ILHA GUARATIBA,Maternal I,0,9.0,5,0,5,0,2.780531955738709,1.0,5.0,0.0,7.0,0.05293890706359489,0.2803351896750988,2.523016707075889,2026-08-30,PPML-FE ridge v0.1,0.1-auditoria
2026,INHAUMA,Bercario,0,1024.0,5,5,0,0,324.0759274077827,230.0,425.0,191.0,490.0,0.05293890706359489,0.31297709923664124,320.48854961832063,2026-08-30,PPML-FE ridge v0.1,0.1-auditoria
2026,INHAUMA,Maternal I,0,572.0,5,0,5,0,272.3298940736182,193.0,358.0,160.0,413.0,0.05293890706359489,0.6710775047258979,383.8563327032136,2026-08-30,PPML-FE ridge v0.1,0.1-auditoria
2026,INHAUMA,Maternal II,0,529.0,5,0,0,5,122.2964728440505,85.0,162.0,70.0,188.0,0.05293890706359489,0.1683673469387755,89.06632653061224,2026-08-30,PPML-FE ridge v0.1,0.1-auditoria
2026,INHOAIBA,Bercario,0,1484.0,5,5,0,0,583.3214711079289,417.0,763.0,347.0,879.0,0.05293890706359489,0.3527027027027027,523.4108108108109,2026-08-30,PPML-FE ridge v0.1,0.1-auditoria
2026,INHOAIBA,Maternal I,0,748.0,5,0,5,0,442.3113988609364,315.0,580.0,262.0,668.0,0.05293890706359489,0.4672330097087379,349.49029126213594,2026-08-30,PPML-FE ridge v0.1,0.1-auditoria
2026,INHOAIBA,Maternal II,0,824.0,5,0,0,5,236.59889769979694,167.0,311.0,139.0,359.0,0.05293890706359489,0.23523093447905477,193.83029001074112,2026-08-30,PPML-FE ridge v0.1,0.1-auditoria
2026,IPANEMA,Bercario,0,488.0,5,5,0,0,31.64671811329011,20.0,44.0,16.0,52.0,0.05293890706359489,0.021653543307086614,10.566929133858267,2026-08-30,PPML-FE ridge v0.1,0.1-auditoria
2026,IPANEMA,Maternal I,0,254.0,5,0,5,0,24.77964303073666,16.0,35.0,12.0,41.0,0.05293890706359489,0.056910569105691054,14.455284552845528,2026-08-30,PPML-FE ridge v0.1,0.1-auditoria
2026,IPANEMA,Maternal II,0,246.0,5,0,0,5,11.6534738932379,6.0,17.0,4.0,21.0,0.05293890706359489,0.030927835051546393,7.608247422680413,2026-08-30,PPML-FE ridge v0.1,0.1-auditoria
2026,IRAJA,Bercario,0,1377.0,5,5,0,0,315.08348509341414,224.0,414.0,186.0,477.0,0.05293890706359489,0.20572207084468666,283.27929155313353,2026-08-30,PPML-FE ridge v0.1,0.1-auditoria
2026,IRAJA,Maternal I,0,786.0,5,0,5,0,270.56194900913795,192.0,356.0,159.0,410.0,0.05293890706359489,0.30036188178528345,236.08443908323278,2026-08-30,PPML-FE ridge v0.1,0.1-auditoria
2026,IRAJA,Maternal II,0,829.0,5,0,0,5,138.5663172300859,97.0,183.0,80.0,212.0,0.05293890706359489,0.1511216056670602,125.2798110979929,2026-08-30,PPML-FE ridge v0.1,0.1-auditoria
2026,ITANHANGA,Bercario,0,1511.0,5,5,0,0,492.50334587064606,351.0,645.0,292.0,743.0,0.05293890706359489,0.13485342019543975,203.76351791530945,2026-08-30,PPML-FE ridge v0.1,0.1-auditoria
2026,ITANHANGA,Maternal I,0,819.0,5,0,5,0,401.5883404039068,286.0,526.0,238.0,607.0,0.05293890706359489,0.40360610263522884,330.5533980582524,2026-08-30,PPML-FE ridge v0.1,0.1-auditoria
2026,ITANHANGA,Maternal II,0,721.0,5,0,0,5,171.6688229654538,121.0,227.0,100.0,262.0,0.05293890706359489,0.36351706036745407,262.09580052493436,2026-08-30,PPML-FE ridge v0.1,0.1-auditoria
2026,JABOUR,Bercario,0,35.0,5,5,0,0,7.5829080300067435,4.0,12.0,2.0,15.0,0.05293890706359489,0.0,0.0,2026-08-30,PPML-FE ridge v0.1,0.1-auditoria
2026,JABOUR,Maternal I,0,1.0,5,0,5,0,0.3259269081096055,0.0,1.0,0.0,2.0,0.05293890706359489,0.0,0.0,2026-08-30,PPML-FE ridge v0.1,0.1-auditoria
2026,JABOUR,Maternal II,0,1.0,5,0,0,5,0.15826292501143963,0.0,1.0,0.0,1.0,0.05293890706359489,0.18145761550073647,0.18145761550073647,2026-08-30,PPML-FE ridge v0.1,0.1-auditoria
2026,JACARE,Bercario,0,281.0,5,5,0,0,131.40229792038457,92.0,174.0,75.0,202.0,0.05293890706359489,0.8165467625899281,229.4496402877698,2026-08-30,PPML-FE ridge v0.1,0.1-auditoria
2026,JACARE,Maternal I,0,163.0,5,0,5,0,114.66654235955684,80.0,152.0,65.0,176.0,0.05293890706359489,0.4409722222222222,71.87847222222221,2026-08-30,PPML-FE ridge v0.1,0.1-auditoria
2026,JACARE,Maternal II,0,288.0,5,0,0,5,98.37858500517257,68.0,131.0,56.0,152.0,0.05293890706359489,0.25316455696202533,72.9113924050633,2026-08-30,PPML-FE ridge v0.1,0.1-auditoria
2026,JACAREPAGUA,Bercario,0,4040.0,5,5,0,0,838.0277902668641,600.0,1096.0,500.0,1261.0,0.05293890706359489,0.1079407210794072,436.08051316080514,2026-08-30,PPML-FE ridge v0.1,0.1-auditoria
2026,JACAREPAGUA,Maternal I,0,2489.0,5,0,5,0,776.7020021880076,556.0,1016.0,463.0,1169.0,0.05293890706359489,0.256004087889627,637.1941747572815,2026-08-30,PPML-FE ridge v0.1,0.1-auditoria
2026,JACAREPAGUA,Maternal II,0,1957.0,5,0,0,5,296.5372973545039,211.0,389.0,175.0,449.0,0.05293890706359489,0.1575019638648861,308.2313432835821,2026-08-30,PPML-FE ridge v0.1,0.1-auditoria
2026,JACAREZINHO,Bercario,0,525.0,5,5,0,0,53.483118447351515,36.0,72.0,29.0,85.0,0.05293890706359489,0.055062166962699825,28.907637655417407,2026-08-30,PPML-FE ridge v0.1,0.1-auditoria
2026,JACAREZINHO,Maternal I,0,279.0,5,0,5,0,42.75767620348762,28.0,58.0,22.0,68.0,0.05293890706359489,0.05732484076433121,15.993630573248408,2026-08-30,PPML-FE ridge v0.1,0.1-auditoria
2026,JACAREZINHO,Maternal II,0,157.0,5,0,0,5,11.683380331331513,6.0,17.0,4.0,21.0,0.05293890706359489,0.057692307692307696,9.057692307692308,2026-08-30,PPML-FE ridge v0.1,0.1-auditoria
2026,JARDIM AMERICA,Bercario,0,423.0,5,5,0,0,126.13922684043318,88.0,167.0,72.0,194.0,0.05293890706359489,0.3159041394335512,133.62745098039215,2026-08-30,PPML-FE ridge v0.1,0.1-auditoria
2026,JARDIM AMERICA,Maternal I,0,281.0,5,0,5,0,126.05747092449478,88.0,167.0,72.0,193.0,0.05293890706359489,0.4671280276816609,131.26297577854672,2026-08-30,PPML-FE ridge v0.1,0.1-auditoria
2026,JARDIM AMERICA,Maternal II,0,289.0,5,0,0,5,62.95338453787874,43.0,85.0,34.0,99.0,0.05293890706359489,0.15359477124183007,44.38888888888889,2026-08-30,PPML-FE ridge v0.1,0.1-auditoria
2026,JARDIM BOTANICO,Bercario,0,187.0,5,5,0,0,19.030690950050694,12.0,27.0,8.0,32.0,0.05293890706359489,0.09433962264150944,17.641509433962266,2026-08-30,PPML-FE ridge v0.1,0.1-auditoria
2026,JARDIM BOTANICO,Maternal I,0,110.0,5,0,5,0,16.840621214091488,10.0,24.0,7.0,29.0,0.05293890706359489,0.1271186440677966,13.983050847457626,2026-08-30,PPML-FE ridge v0.1,0.1-auditoria
2026,JARDIM BOTANICO,Maternal II,0,118.0,5,0,0,5,8.772157106178057,4.0,14.0,3.0,17.0,0.05293890706359489,0.0625,7.375,2026-08-30,PPML-FE ridge v0.1,0.1-auditoria
2026,JARDIM CARIOCA,Bercario,0,363.0,5,5,0,0,67.4221285488561,46.0,91.0,37.0,105.0,0.05293890706359489,0.21212121212121213,77.0,2026-08-30,PPML-FE ridge v0.1,0.1-auditoria
2026,JARDIM CARIOCA,Maternal I,0,189.0,5,0,5,0,52.80926352429782,36.0,72.0,28.0,84.0,0.05293890706359489,0.27699530516431925,52.352112676056336,2026-08-30,PPML-FE ridge v0.1,0.1-auditoria
2026,JARDIM CARIOCA,Maternal II,0,213.0,5,0,0,5,28.899270594654283,18.0,40.0,14.0,47.0,0.05293890706359489,0.11627906976744186,24.767441860465116,2026-08-30,PPML-FE ridge v0.1,0.1-auditoria
2026,JARDIM GUANABARA,Bercario,0,327.0,5,5,0,0,26.92744780196045,17.0,38.0,13.0,44.0,0.05293890706359489,0.03273809523809524,10.705357142857144,2026-08-30,PPML-FE ridge v0.1,0.1-auditoria
2026,JARDIM GUANABARA,Maternal I,0,176.0,5,0,5,0,21.8028155297817,13.0,31.0,10.0,37.0,0.05293890706359489,0.06701030927835051,11.79381443298969,2026-08-30,PPML-FE ridge v0.1,0.1-auditoria
2026,JARDIM GUANABARA,Maternal II,0,194.0,5,0,0,5,11.669724781185632,6.0,17.0,4.0,21.0,0.05293890706359489,0.04,7.76,2026-08-30,PPML-FE ridge v0.1,0.1-auditoria
2026,JARDIM SULACAP,Bercario,0,243.0,5,5,0,0,40.661018914633104,27.0,56.0,21.0,65.0,0.05293890706359489,0.10702341137123746,26.006688963210703,2026-08-30,PPML-FE ridge v0.1,0.1-auditoria
2026,JARDIM SULACAP,Maternal I,0,176.0,5,0,5,0,44.30340685417931,29.0,60.0,23.0,71.0,0.05293890706359489,0.22,38.72,2026-08-30,PPML-FE ridge v0.1,0.1-auditoria
2026,JARDIM SULACAP,Maternal II,0,200.0,5,0,0,5,24.446316107350984,15.0,34.0,12.0,41.0,0.05293890706359489,0.16091954022988506,32.18390804597701,2026-08-30,PPML-FE ridge v0.1,0.1-auditoria
2026,JOA,Bercario,0,14.0,5,5,0,0,2.8039286152501353,1.0,5.0,0.0,7.0,0.05293890706359489,0.09090909090909091,1.2727272727272727,2026-08-30,PPML-FE ridge v0.1,0.1-auditoria
2026,JOA,Maternal I,0,4.0,5,0,5,0,1.2051785153033323,0.0,3.0,0.0,4.0,0.05293890706359489,0.0,0.0,2026-08-30,PPML-FE ridge v0.1,0.1-auditoria
2026,JOA,Maternal II,0,8.0,5,0,0,5,1.1704162635673359,0.0,3.0,0.0,4.0,0.05293890706359489,0.0,0.0,2026-08-30,PPML-FE ridge v0.1,0.1-auditoria
2026,LAGOA,Bercario,0,259.0,5,5,0,0,20.503451008796223,13.0,29.0,9.0,35.0,0.05293890706359489,0.012244897959183673,3.1714285714285713,2026-08-30,PPML-FE ridge v0.1,0.1-auditoria
2026,LAGOA,Maternal I,0,117.0,5,0,5,0,13.933670459796357,8.0,20.0,6.0,25.0,0.05293890706359489,0.043795620437956206,5.124087591240876,2026-08-30,PPML-FE ridge v0.1,0.1-auditoria
2026,LAGOA,Maternal II,0,137.0,5,0,0,5,7.922444614375523,4.0,12.0,2.0,15.0,0.05293890706359489,0.0,0.0,2026-08-30,PPML-FE ridge v0.1,0.1-auditoria
2026,LAPA,Bercario,0,83.0,5,5,0,0,11.12917330476906,6.0,17.0,4.0,20.0,0.05293890706359489,0.0,0.0,2026-08-30,PPML-FE ridge v0.1,0.1-auditoria
2026,LAPA,Maternal I,0,33.0,5,0,5,0,6.656581065278929,3.0,11.0,2.0,13.0,0.05293890706359489,0.0,0.0,2026-08-30,PPML-FE ridge v0.1,0.1-auditoria
2026,LAPA,Maternal II,0,15.0,5,0,0,5,1.4692223146777263,0.0,3.0,0.0,4.0,0.05293890706359489,0.0,0.0,2026-08-30,PPML-FE ridge v0.1,0.1-auditoria
2026,LARANJEIRAS,Bercario,0,446.0,5,5,0,0,49.91205547570325,33.0,68.0,27.0,79.0,0.05293890706359489,0.09859154929577464,43.97183098591549,2026-08-30,PPML-FE ridge v0.1,0.1-auditoria
2026,LARANJEIRAS,Maternal I,0,257.0,5,0,5,0,43.26694110079015,29.0,59.0,23.0,69.0,0.05293890706359489,0.09473684210526316,24.347368421052632,2026-08-30,PPML-FE ridge v0.1,0.1-auditoria
2026,LARANJEIRAS,Maternal II,0,285.0,5,0,0,5,23.29844308982716,15.0,33.0,11.0,39.0,0.05293890706359489,0.06428571428571428,18.32142857142857,2026-08-30,PPML-FE ridge v0.1,0.1-auditoria
2026,LEBLON,Bercario,0,520.0,5,5,0,0,32.6121436423834,21.0,45.0,16.0,53.0,0.05293890706359489,0.029644268774703556,15.41501976284585,2026-08-30,PPML-FE ridge v0.1,0.1-auditoria
2026,LEBLON,Maternal I,0,259.0,5,0,5,0,24.435894387742135,15.0,34.0,12.0,41.0,0.05293890706359489,0.041666666666666664,10.791666666666666,2026-08-30,PPML-FE ridge v0.1,0.1-auditoria
2026,LEBLON,Maternal II,0,288.0,5,0,0,5,13.194104955663466,7.0,19.0,5.0,24.0,0.05293890706359489,0.018726591760299626,5.393258426966292,2026-08-30,PPML-FE ridge v0.1,0.1-auditoria
2026,LEME,Bercario,0,179.0,5,5,0,0,35.7467912393671,23.0,49.0,18.0,58.0,0.05293890706359489,0.23163841807909605,41.463276836158194,2026-08-30,PPML-FE ridge v0.1,0.1-auditoria
2026,LEME,Maternal I,0,90.0,5,0,5,0,27.038277124663466,17.0,38.0,13.0,45.0,0.05293890706359489,0.24271844660194175,21.844660194174757,2026-08-30,PPML-FE ridge v0.1,0.1-auditoria
2026,LEME,Maternal II,0,103.0,5,0,0,5,15.025630389660211,9.0,22.0,6.0,26.0,0.05293890706359489,0.09473684210526316,9.757894736842106,2026-08-30,PPML-FE ridge v0.1,0.1-auditoria
2026,LINS VASCONCELOS,Bercario,0,640.0,5,5,0,0,149.34614213304596,105.0,198.0,86.0,228.0,0.05293890706359489,0.26452599388379205,169.29663608562691,2026-08-30,PPML-FE ridge v0.1,0.1-auditoria
2026,LINS VASCONCELOS,Maternal I,0,332.0,5,0,5,0,116.54793704174382,81.0,155.0,66.0,179.0,0.05293890706359489,0.22318840579710145,74.09855072463768,2026-08-30,PPML-FE ridge v0.1,0.1-auditoria
2026,LINS VASCONCELOS,Maternal II,0,345.0,5,0,0,5,58.80910545495013,40.0,79.0,32.0,93.0,0.05293890706359489,0.07733333333333334,26.68,2026-08-30,PPML-FE ridge v0.1,0.1-auditoria
2026,MADUREIRA,Bercario,0,764.0,5,5,0,0,185.05060027455482,130.0,244.0,108.0,282.0,0.05293890706359489,0.21079691516709512,161.04884318766068,2026-08-30,PPML-FE ridge v0.1,0.1-auditoria
2026,MADUREIRA,Maternal I,0,383.0,5,0,5,0,139.5559591901038,98.0,185.0,80.0,214.0,0.05293890706359489,0.24891774891774893,95.33549783549783,2026-08-30,PPML-FE ridge v0.1,0.1-auditoria
2026,MADUREIRA,Maternal II,0,462.0,5,0,0,5,81.74299746810568,56.0,109.0,46.0,127.0,0.05293890706359489,0.15991471215351813,73.88059701492537,2026-08-30,PPML-FE ridge v0.1,0.1-auditoria
2026,MAGALHAES BASTOS,Bercario,0,397.0,5,5,0,0,99.32558820099887,69.0,132.0,56.0,153.0,0.05293890706359489,0.17574257425742573,69.76980198019801,2026-08-30,PPML-FE ridge v0.1,0.1-auditoria
2026,MAGALHAES BASTOS,Maternal I,0,214.0,5,0,5,0,80.54468449241142,55.0,108.0,45.0,125.0,0.05293890706359489,0.3508771929824561,75.08771929824562,2026-08-30,PPML-FE ridge v0.1,0.1-auditoria
2026,MAGALHAES BASTOS,Maternal II,0,228.0,5,0,0,5,41.669369543198194,28.0,57.0,22.0,67.0,0.05293890706359489,0.32195121951219513,73.40487804878049,2026-08-30,PPML-FE ridge v0.1,0.1-auditoria
2026,MANGUEIRA,Bercario,0,432.0,5,5,0,0,149.82897087112315,105.0,198.0,86.0,229.0,0.05293890706359489,0.37791932059447986,163.2611464968153,2026-08-30,PPML-FE ridge v0.1,0.1-auditoria
2026,MANGUEIRA,Maternal I,0,228.0,5,0,5,0,118.95956546705244,83.0,158.0,68.0,183.0,0.05293890706359489,0.27155172413793105,61.91379310344828,2026-08-30,PPML-FE ridge v0.1,0.1-auditoria
2026,MANGUEIRA,Maternal II,0,232.0,5,0,0,5,58.77754983336762,40.0,79.0,32.0,93.0,0.05293890706359489,0.10236220472440945,23.748031496062993,2026-08-30,PPML-FE ridge v0.1,0.1-auditoria
2026,MANGUINHOS,Bercario,0,808.0,5,5,0,0,199.13234275699415,141.0,262.0,116.0,303.0,0.05293890706359489,0.3585164835164835,289.68131868131866,2026-08-30,PPML-FE ridge v0.1,0.1-auditoria
2026,MANGUINHOS,Maternal I,0,348.0,5,0,5,0,129.02152142508015,90.0,171.0,74.0,198.0,0.05293890706359489,0.47570332480818417,165.5447570332481,2026-08-30,PPML-FE ridge v0.1,0.1-auditoria
2026,MANGUINHOS,Maternal II,0,391.0,5,0,0,5,70.39124451615852,48.0,94.0,39.0,110.0,0.05293890706359489,0.2883116883116883,112.72987012987012,2026-08-30,PPML-FE ridge v0.1,0.1-auditoria
2026,MARACANA,Bercario,0,270.0,5,5,0,0,30.493237019668,20.0,42.0,15.0,50.0,0.05293890706359489,0.039568345323741004,10.68345323741007,2026-08-30,PPML-FE ridge v0.1,0.1-auditoria
2026,MARACANA,Maternal I,0,143.0,5,0,5,0,24.295636164438275,15.0,34.0,11.0,41.0,0.05293890706359489,0.125,17.875,2026-08-30,PPML-FE ridge v0.1,0.1-auditoria
2026,MARACANA,Maternal II,0,160.0,5,0,0,5,13.199916737862537,7.0,19.0,5.0,24.0,0.05293890706359489,0.032467532467532464,5.194805194805195,2026-08-30,PPML-FE ridge v0.1,0.1-auditoria
2026,MARECHAL HERMES,Bercario,0,668.0,5,5,0,0,171.46177315010547,121.0,226.0,99.0,262.0,0.05293890706359489,0.13297872340425532,88.82978723404256,2026-08-30,PPML-FE ridge v0.1,0.1-auditoria
2026,MARECHAL HERMES,Maternal I,0,419.0,5,0,5,0,161.79211174975762,114.0,214.0,94.0,247.0,0.05293890706359489,0.39058171745152354,163.65373961218836,2026-08-30,PPML-FE ridge v0.1,0.1-auditoria
2026,MARECHAL HERMES,Maternal II,0,361.0,5,0,0,5,67.68765895379754,46.0,91.0,37.0,106.0,0.05293890706359489,0.2607655502392344,94.13636363636363,2026-08-30,PPML-FE ridge v0.1,0.1-auditoria
2026,MARIA GRACA,Bercario,0,90.0,5,5,0,0,15.822191609082441,9.0,23.0,7.0,28.0,0.05293890706359489,0.2804878048780488,25.243902439024392,2026-08-30,PPML-FE ridge v0.1,0.1-auditoria
2026,MARIA GRACA,Maternal I,0,48.0,5,0,5,0,12.694565476926416,7.0,19.0,5.0,23.0,0.05293890706359489,0.12727272727272726,6.1090909090909085,2026-08-30,PPML-FE ridge v0.1,0.1-auditoria
2026,MARIA GRACA,Maternal II,0,55.0,5,0,0,5,7.063147299901365,3.0,11.0,2.0,14.0,0.05293890706359489,0.12698412698412698,6.984126984126984,2026-08-30,PPML-FE ridge v0.1,0.1-auditoria
2026,MEIER,Bercario,0,420.0,5,5,0,0,60.82197443138604,41.0,82.0,33.0,96.0,0.05293890706359489,0.15011037527593818,63.04635761589404,2026-08-30,PPML-FE ridge v0.1,0.1-auditoria
2026,MEIER,Maternal I,0,257.0,5,0,5,0,55.98824052973573,38.0,76.0,30.0,88.0,0.05293890706359489,0.24380165289256198,62.65702479338843,2026-08-30,PPML-FE ridge v0.1,0.1-auditoria
2026,MEIER,Maternal II,0,242.0,5,0,0,5,25.599886138390104,16.0,36.0,12.0,42.0,0.05293890706359489,0.06563706563706563,15.884169884169882,2026-08-30,PPML-FE ridge v0.1,0.1-auditoria
2026,MONERO,Bercario,0,73.0,5,5,0,0,12.799455060186085,7.0,19.0,5.0,23.0,0.05293890706359489,0.09090909090909091,6.636363636363637,2026-08-30,PPML-FE ridge v0.1,0.1-auditoria
2026,MONERO,Maternal I,0,22.0,5,0,5,0,5.802882449121354,2.0,9.0,1.0,12.0,0.05293890706359489,0.0,0.0,2026-08-30,PPML-FE ridge v0.1,0.1-auditoria
2026,MONERO,Maternal II,0,24.0,5,0,0,5,3.073911114462568,1.0,6.0,0.0,7.0,0.05293890706359489,0.03333333333333333,0.8,2026-08-30,PPML-FE ridge v0.1,0.1-auditoria
2026,OLARIA,Bercario,0,807.0,5,5,0,0,194.34089210477723,137.0,256.0,113.0,296.0,0.05293890706359489,0.2749360613810742,221.87340153452686,2026-08-30,PPML-FE ridge v0.1,0.1-auditoria
2026,OLARIA,Maternal I,0,403.0,5,0,5,0,145.99842672476709,102.0,193.0,84.0,223.0,0.05293890706359489,0.34552845528455284,139.2479674796748,2026-08-30,PPML-FE ridge v0.1,0.1-auditoria
2026,OLARIA,Maternal II,0,492.0,5,0,0,5,86.55002623048144,60.0,116.0,48.0,134.0,0.05293890706359489,0.18143459915611815,89.26582278481013,2026-08-30,PPML-FE ridge v0.1,0.1-auditoria
2026,OSWALDO CRUZ,Bercario,0,405.0,5,5,0,0,95.21734160325231,66.0,127.0,54.0,147.0,0.05293890706359489,0.13260869565217392,53.70652173913044,2026-08-30,PPML-FE ridge v0.1,0.1-auditoria
2026,OSWALDO CRUZ,Maternal I,0,255.0,5,0,5,0,90.18902289246411,62.0,120.0,51.0,140.0,0.05293890706359489,0.319672131147541,81.51639344262296,2026-08-30,PPML-FE ridge v0.1,0.1-auditoria
2026,OSWALDO CRUZ,Maternal II,0,244.0,5,0,0,5,41.90465785442052,28.0,57.0,22.0,67.0,0.05293890706359489,0.2937062937062937,71.66433566433567,2026-08-30,PPML-FE ridge v0.1,0.1-auditoria
2026,PACIENCIA,Bercario,0,2263.0,5,5,0,0,820.2491148261173,587.0,1072.0,489.0,1234.0,0.05293890706359489,0.2891670263271472,654.3849805783341,2026-08-30,PPML-FE ridge v0.1,0.1-auditoria
2026,PACIENCIA,Maternal I,0,1210.0,5,0,5,0,659.7798672583411,472.0,863.0,393.0,994.0,0.05293890706359489,0.539568345323741,652.8776978417266,2026-08-30,PPML-FE ridge v0.1,0.1-auditoria
2026,PACIENCIA,Maternal II,0,1251.0,5,0,0,5,331.23023286696133,235.0,435.0,195.0,501.0,0.05293890706359489,0.25886524822695034,323.8404255319149,2026-08-30,PPML-FE ridge v0.1,0.1-auditoria
2026,PADRE MIGUEL,Bercario,0,1043.0,5,5,0,0,237.61358634810261,168.0,313.0,139.0,361.0,0.05293890706359489,0.17478510028653296,182.3008595988539,2026-08-30,PPML-FE ridge v0.1,0.1-auditoria
2026,PADRE MIGUEL,Maternal I,0,547.0,5,0,5,0,187.46783314942004,132.0,247.0,109.0,286.0,0.05293890706359489,0.3392156862745098,185.55098039215687,2026-08-30,PPML-FE ridge v0.1,0.1-auditoria
2026,PADRE MIGUEL,Maternal II,0,510.0,5,0,0,5,84.87280990743109,58.0,113.0,47.0,132.0,0.05293890706359489,0.16556291390728478,84.43708609271523,2026-08-30,PPML-FE ridge v0.1,0.1-auditoria
2026,PAQUETA,Bercario,0,47.0,5,5,0,0,14.33442998093538,8.0,21.0,6.0,25.0,0.05293890706359489,0.6190476190476191,29.095238095238095,2026-08-30,PPML-FE ridge v0.1,0.1-auditoria
2026,PAQUETA,Maternal I,0,25.0,5,0,5,0,11.470307236039272,6.0,17.0,4.0,21.0,0.05293890706359489,0.2727272727272727,6.8181818181818175,2026-08-30,PPML-FE ridge v0.1,0.1-auditoria
2026,PAQUETA,Maternal II,0,33.0,5,0,0,5,7.352041559009231,3.0,12.0,2.0,14.0,0.05293890706359489,0.47619047619047616,15.714285714285714,2026-08-30,PPML-FE ridge v0.1,0.1-auditoria
2026,PARADA LUCAS,Bercario,0,523.0,5,5,0,0,97.61231109073722,68.0,130.0,55.0,151.0,0.05293890706359489,0.2045028142589118,106.95497185741088,2026-08-30,PPML-FE ridge v0.1,0.1-auditoria
2026,PARADA LUCAS,Maternal I,0,273.0,5,0,5,0,76.65103545445592,53.0,103.0,43.0,119.0,0.05293890706359489,0.20714285714285716,56.550000000000004,2026-08-30,PPML-FE ridge v0.1,0.1-auditoria
2026,PARADA LUCAS,Maternal II,0,280.0,5,0,0,5,38.17441422141073,25.0,52.0,20.0,61.0,0.05293890706359489,0.11217948717948718,31.410256410256412,2026-08-30,PPML-FE ridge v0.1,0.1-auditoria
2026,PARQUE ANCHIETA,Bercario,0,329.0,5,5,0,0,79.93871949837705,55.0,107.0,45.0,124.0,0.05293890706359489,0.12680115273775217,41.71757925072046,2026-08-30,PPML-FE ridge v0.1,0.1-auditoria
2026,PARQUE ANCHIETA,Maternal I,0,171.0,5,0,5,0,62.5042965944101,42.0,84.0,34.0,98.0,0.05293890706359489,0.60431654676259,103.33812949640289,2026-08-30,PPML-FE ridge v0.1,0.1-auditoria
2026,PARQUE ANCHIETA,Maternal II,0,139.0,5,0,0,5,24.671044311300218,15.0,35.0,12.0,41.0,0.05293890706359489,0.1717171717171717,23.86868686868687,2026-08-30,PPML-FE ridge v0.1,0.1-auditoria
2026,PARQUE COLUMBIA,Bercario,0,158.0,5,5,0,0,38.962236025225195,26.0,53.0,20.0,63.0,0.05293890706359489,0.13612565445026178,21.50785340314136,2026-08-30,PPML-FE ridge v0.1,0.1-auditoria
2026,PARQUE COLUMBIA,Maternal I,0,114.0,5,0,5,0,42.29062560639234,28.0,58.0,22.0,68.0,0.05293890706359489,0.35,39.9,2026-08-30,PPML-FE ridge v0.1,0.1-auditoria
2026,PARQUE COLUMBIA,Maternal II,0,20.0,5,0,0,5,3.6027010439895486,1.0,6.0,0.0,8.0,0.05293890706359489,0.08928571428571429,1.7857142857142858,2026-08-30,PPML-FE ridge v0.1,0.1-auditoria
2026,PAVUNA,Bercario,0,1790.0,5,5,0,0,559.148238765696,399.0,732.0,332.0,843.0,0.05293890706359489,0.22426868905742145,401.4409534127844,2026-08-30,PPML-FE ridge v0.1,0.1-auditoria
2026,PAVUNA,Maternal I,0,980.0,5,0,5,0,460.5242229570009,328.0,603.0,273.0,695.0,0.05293890706359489,0.4338235294117647,425.14705882352945,2026-08-30,PPML-FE ridge v0.1,0.1-auditoria
2026,PAVUNA,Maternal II,0,816.0,5,0,0,5,186.19822338985213,131.0,246.0,108.0,284.0,0.05293890706359489,0.16324324324324324,133.20648648648648,2026-08-30,PPML-FE ridge v0.1,0.1-auditoria
2026,PECHINCHA,Bercario,0,629.0,5,5,0,0,76.37785951452399,52.0,102.0,42.0,119.0,0.05293890706359489,0.09798270893371758,61.63112391930836,2026-08-30,PPML-FE ridge v0.1,0.1-auditoria
2026,PECHINCHA,Maternal I,0,396.0,5,0,5,0,72.33766667873176,50.0,97.0,40.0,113.0,0.05293890706359489,0.17321016166281755,68.59122401847576,2026-08-30,PPML-FE ridge v0.1,0.1-auditoria
2026,PECHINCHA,Maternal II,0,433.0,5,0,0,5,38.407512257969714,25.0,53.0,20.0,62.0,0.05293890706359489,0.06336088154269973,27.435261707988982,2026-08-30,PPML-FE ridge v0.1,0.1-auditoria
2026,PEDRA GUARATIBA,Bercario,0,337.0,5,5,0,0,56.38777219503125,38.0,76.0,30.0,89.0,0.05293890706359489,0.3016304347826087,101.64945652173914,2026-08-30,PPML-FE ridge v0.1,0.1-auditoria
2026,PEDRA GUARATIBA,Maternal I,0,220.0,5,0,5,0,55.377097470974896,37.0,75.0,30.0,87.0,0.05293890706359489,0.15283842794759825,33.624454148471614,2026-08-30,PPML-FE ridge v0.1,0.1-auditoria
2026,PEDRA GUARATIBA,Maternal II,0,458.0,5,0,0,5,55.97987926546491,38.0,76.0,30.0,88.0,0.05293890706359489,0.12614678899082568,57.77522935779816,2026-08-30,PPML-FE ridge v0.1,0.1-auditoria
2026,PENHA,Bercario,0,1179.0,5,5,0,0,264.7131538552901,188.0,348.0,155.0,401.0,0.05293890706359489,0.24798061389337642,292.3691437802908,2026-08-30,PPML-FE ridge v0.1,0.1-auditoria
2026,PENHA,Maternal I,0,651.0,5,0,5,0,219.88478451013592,155.0,290.0,128.0,334.0,0.05293890706359489,0.3048951048951049,198.4867132867133,2026-08-30,PPML-FE ridge v0.1,0.1-auditoria
2026,PENHA,Maternal II,0,715.0,5,0,0,5,117.26791481273911,82.0,156.0,67.0,180.0,0.05293890706359489,0.14565826330532214,104.14565826330534,2026-08-30,PPML-FE ridge v0.1,0.1-auditoria
2026,PENHA CIRCULAR,Bercario,0,727.0,5,5,0,0,174.81364872458172,123.0,231.0,101.0,267.0,0.05293890706359489,0.26728723404255317,194.31781914893617,2026-08-30,PPML-FE ridge v0.1,0.1-auditoria
2026,PENHA CIRCULAR,Maternal I,0,399.0,5,0,5,0,144.3332180724529,101.0,191.0,83.0,221.0,0.05293890706359489,0.2916666666666667,116.37500000000001,2026-08-30,PPML-FE ridge v0.1,0.1-auditoria
2026,PENHA CIRCULAR,Maternal II,0,360.0,5,0,0,5,63.23461390974275,43.0,85.0,35.0,99.0,0.05293890706359489,0.1227154046997389,44.177545691906005,2026-08-30,PPML-FE ridge v0.1,0.1-auditoria
2026,PIEDADE,Bercario,0,665.0,5,5,0,0,160.2261607465771,113.0,212.0,93.0,245.0,0.05293890706359489,0.1753155680224404,116.58485273492286,2026-08-30,PPML-FE ridge v0.1,0.1-auditoria
2026,PIEDADE,Maternal I,0,375.0,5,0,5,0,135.92380432836384,95.0,180.0,78.0,208.0,0.05293890706359489,0.484149855907781,181.55619596541786,2026-08-30,PPML-FE ridge v0.1,0.1-auditoria
2026,PIEDADE,Maternal II,0,347.0,5,0,0,5,61.073484602881074,41.0,82.0,33.0,96.0,0.05293890706359489,0.1983695652173913,68.83423913043478,2026-08-30,PPML-FE ridge v0.1,0.1-auditoria
2026,PILARES,Bercario,0,392.0,5,5,0,0,110.13139387872481,77.0,146.0,63.0,170.0,0.05293890706359489,0.29069767441860467,113.95348837209303,2026-08-30,PPML-FE ridge v0.1,0.1-auditoria
2026,PILARES,Maternal I,0,230.0,5,0,5,0,97.20875419818817,67.0,129.0,55.0,150.0,0.05293890706359489,0.43231441048034935,99.43231441048034,2026-08-30,PPML-FE ridge v0.1,0.1-auditoria
2026,PILARES,Maternal II,0,229.0,5,0,0,5,46.99720116051931,31.0,64.0,25.0,75.0,0.05293890706359489,0.23809523809523808,54.52380952380952,2026-08-30,PPML-FE ridge v0.1,0.1-auditoria
2026,PITANGUEIRAS,Bercario,0,167.0,5,5,0,0,25.18955030005138,16.0,35.0,12.0,42.0,0.05293890706359489,0.1092896174863388,18.251366120218577,2026-08-30,PPML-FE ridge v0.1,0.1-auditoria
2026,PITANGUEIRAS,Maternal I,0,97.0,5,0,5,0,22.010410880242077,14.0,31.0,10.0,37.0,0.05293890706359489,0.30337078651685395,29.426966292134832,2026-08-30,PPML-FE ridge v0.1,0.1-auditoria
2026,PITANGUEIRAS,Maternal II,0,89.0,5,0,0,5,9.806304928238525,5.0,15.0,3.0,18.0,0.05293890706359489,0.13333333333333333,11.866666666666667,2026-08-30,PPML-FE ridge v0.1,0.1-auditoria
2026,PORTUGUESA,Bercario,0,248.0,5,5,0,0,57.262559994027335,39.0,77.0,31.0,90.0,0.05293890706359489,0.21428571428571427,53.14285714285714,2026-08-30,PPML-FE ridge v0.1,0.1-auditoria
2026,PORTUGUESA,Maternal I,0,152.0,5,0,5,0,52.79771645810032,36.0,71.0,28.0,84.0,0.05293890706359489,0.24025974025974026,36.51948051948052,2026-08-30,PPML-FE ridge v0.1,0.1-auditoria
2026,PORTUGUESA,Maternal II,0,154.0,5,0,0,5,25.974742064616436,16.0,36.0,12.0,43.0,0.05293890706359489,0.11875,18.287499999999998,2026-08-30,PPML-FE ridge v0.1,0.1-auditoria
2026,PRACA BANDEIRA,Bercario,0,108.0,5,5,0,0,19.421451599405238,12.0,28.0,9.0,33.0,0.05293890706359489,0.05309734513274336,5.734513274336283,2026-08-30,PPML-FE ridge v0.1,0.1-auditoria
2026,PRACA BANDEIRA,Maternal I,0,62.0,5,0,5,0,16.772665788087984,10.0,24.0,7.0,29.0,0.05293890706359489,0.2833333333333333,17.566666666666666,2026-08-30,PPML-FE ridge v0.1,0.1-auditoria
2026,PRACA BANDEIRA,Maternal II,0,60.0,5,0,0,5,7.8817131609550914,4.0,12.0,2.0,15.0,0.05293890706359489,0.08571428571428572,5.142857142857143,2026-08-30,PPML-FE ridge v0.1,0.1-auditoria
2026,PRACA SECA,Bercario,0,1105.0,5,5,0,0,290.4087233166006,206.0,381.0,171.0,440.0,0.05293890706359489,0.26175687666370895,289.2413487133984,2026-08-30,PPML-FE ridge v0.1,0.1-auditoria
2026,PRACA SECA,Maternal I,0,607.0,5,0,5,0,239.9874566116422,170.0,316.0,141.0,364.0,0.05293890706359489,0.3926056338028169,238.31161971830986,2026-08-30,PPML-FE ridge v0.1,0.1-auditoria
2026,PRACA SECA,Maternal II,0,568.0,5,0,0,5,109.04535208527028,76.0,145.0,62.0,168.0,0.05293890706359489,0.17638266068759342,100.18535127055307,2026-08-30,PPML-FE ridge v0.1,0.1-auditoria
2026,PRAIA BANDEIRA,Bercario,0,75.0,5,5,0,0,12.967854395625368,7.0,19.0,5.0,23.0,0.05293890706359489,0.08974358974358974,6.730769230769231,2026-08-30,PPML-FE ridge v0.1,0.1-auditoria
2026,PRAIA BANDEIRA,Maternal I,0,40.0,5,0,5,0,10.404454754928922,6.0,16.0,4.0,19.0,0.05293890706359489,0.375,15.0,2026-08-30,PPML-FE ridge v0.1,0.1-auditoria
2026,PRAIA BANDEIRA,Maternal II,0,16.0,5,0,0,5,2.0208695897062743,0.0,4.0,0.0,5.0,0.05293890706359489,0.0,0.0,2026-08-30,PPML-FE ridge v0.1,0.1-auditoria
2026,QUINTINO BOCAIUVA,Bercario,0,418.0,5,5,0,0,91.38696124181436,63.0,122.0,51.0,141.0,0.05293890706359489,0.10904872389791183,45.582366589327144,2026-08-30,PPML-FE ridge v0.1,0.1-auditoria
2026,QUINTINO BOCAIUVA,Maternal I,0,219.0,5,0,5,0,72.02852843914063,49.0,97.0,40.0,112.0,0.05293890706359489,0.45267489711934156,99.1358024691358,2026-08-30,PPML-FE ridge v0.1,0.1-auditoria
2026,QUINTINO BOCAIUVA,Maternal II,0,243.0,5,0,0,5,38.80839412798816,26.0,53.0,20.0,62.0,0.05293890706359489,0.2936170212765957,71.34893617021277,2026-08-30,PPML-FE ridge v0.1,0.1-auditoria
2026,RAMOS,Bercario,0,858.0,5,5,0,0,280.38629444613395,199.0,368.0,165.0,425.0,0.05293890706359489,0.46613995485327314,399.94808126410834,2026-08-30,PPML-FE ridge v0.1,0.1-auditoria
2026,RAMOS,Maternal I,0,507.0,5,0,5,0,249.24699155292734,177.0,328.0,146.0,378.0,0.05293890706359489,0.4262485481997677,216.10801393728224,2026-08-30,PPML-FE ridge v0.1,0.1-auditoria
2026,RAMOS,Maternal II,0,861.0,5,0,0,5,205.53419599447784,145.0,271.0,120.0,313.0,0.05293890706359489,0.2803738317757009,241.4018691588785,2026-08-30,PPML-FE ridge v0.1,0.1-auditoria
2026,REALENGO,Bercario,0,2915.0,5,5,0,0,779.1919657279053,557.0,1019.0,465.0,1173.0,0.05293890706359489,0.22146562905317768,645.572308690013,2026-08-30,PPML-FE ridge v0.1,0.1-auditoria
2026,REALENGO,Maternal I,0,1620.0,5,0,5,0,651.4384579885353,466.0,852.0,388.0,981.0,0.05293890706359489,0.35798816568047337,579.9408284023668,2026-08-30,PPML-FE ridge v0.1,0.1-auditoria
2026,REALENGO,Maternal II,0,1690.0,5,0,0,5,329.9924891720573,235.0,433.0,195.0,499.0,0.05293890706359489,0.19872136387852957,335.83910495471497,2026-08-30,PPML-FE ridge v0.1,0.1-auditoria
2026,RECREIO BANDEIRANTES,Bercario,0,2436.0,5,5,0,0,333.098278808683,237.0,437.0,197.0,504.0,0.05293890706359489,0.07967145790554415,194.07967145790556,2026-08-30,PPML-FE ridge v0.1,0.1-auditoria
2026,RECREIO BANDEIRANTES,Maternal I,0,1258.0,5,0,5,0,258.77851611314685,183.0,340.0,152.0,393.0,0.05293890706359489,0.1608761329305136,202.3821752265861,2026-08-30,PPML-FE ridge v0.1,0.1-auditoria
2026,RECREIO BANDEIRANTES,Maternal II,0,1324.0,5,0,0,5,132.24965066967027,92.0,175.0,76.0,203.0,0.05293890706359489,0.07563636363636364,100.14254545454546,2026-08-30,PPML-FE ridge v0.1,0.1-auditoria
2026,RIACHUELO,Bercario,0,127.0,5,5,0,0,23.237321083530666,14.0,33.0,11.0,39.0,0.05293890706359489,0.24285714285714285,30.84285714285714,2026-08-30,PPML-FE ridge v0.1,0.1-auditoria
2026,RIACHUELO,Maternal I,0,76.0,5,0,5,0,20.91936043222532,13.0,30.0,10.0,35.0,0.05293890706359489,0.2222222222222222,16.88888888888889,2026-08-30,PPML-FE ridge v0.1,0.1-auditoria
2026,RIACHUELO,Maternal II,0,63.0,5,0,0,5,8.420431189628005,4.0,13.0,3.0,16.0,0.05293890706359489,0.09090909090909091,5.7272727272727275,2026-08-30,PPML-FE ridge v0.1,0.1-auditoria
2026,RIBEIRA,Bercario,0,48.0,5,5,0,0,8.706059380889409,4.0,13.0,3.0,17.0,0.05293890706359489,0.13043478260869565,6.260869565217391,2026-08-30,PPML-FE ridge v0.1,0.1-auditoria
2026,RIBEIRA,Maternal I,0,20.0,5,0,5,0,5.4571118560933645,2.0,9.0,1.0,11.0,0.05293890706359489,0.19047619047619047,3.8095238095238093,2026-08-30,PPML-FE ridge v0.1,0.1-auditoria
2026,RIBEIRA,Maternal II,0,21.0,5,0,0,5,2.7823459374455175,1.0,5.0,0.0,7.0,0.05293890706359489,0.047619047619047616,1.0,2026-08-30,PPML-FE ridge v0.1,0.1-auditoria
2026,RICARDO ALBUQUERQUE,Bercario,0,490.0,5,5,0,0,160.98102657589217,113.0,213.0,93.0,246.0,0.05293890706359489,0.21643286573146292,106.05210420841684,2026-08-30,PPML-FE ridge v0.1,0.1-auditoria
2026,RICARDO ALBUQUERQUE,Maternal I,0,269.0,5,0,5,0,132.94847650479593,93.0,176.0,76.0,204.0,0.05293890706359489,0.486013986013986,130.73776223776224,2026-08-30,PPML-FE ridge v0.1,0.1-auditoria
2026,RICARDO ALBUQUERQUE,Maternal II,0,286.0,5,0,0,5,68.63665174380327,47.0,92.0,38.0,107.0,0.05293890706359489,0.3054662379421222,87.36334405144694,2026-08-30,PPML-FE ridge v0.1,0.1-auditoria
2026,RIO COMPRIDO,Bercario,0,700.0,5,5,0,0,211.82772939634344,150.0,279.0,124.0,322.0,0.05293890706359489,0.3079136690647482,215.53956834532374,2026-08-30,PPML-FE ridge v0.1,0.1-auditoria
2026,RIO COMPRIDO,Maternal I,0,343.0,5,0,5,0,156.14617980953335,110.0,206.0,90.0,239.0,0.05293890706359489,0.29396984924623115,100.83165829145729,2026-08-30,PPML-FE ridge v0.1,0.1-auditoria
2026,RIO COMPRIDO,Maternal II,0,398.0,5,0,0,5,87.9790537892186,61.0,117.0,49.0,136.0,0.05293890706359489,0.19270833333333334,76.69791666666667,2026-08-30,PPML-FE ridge v0.1,0.1-auditoria
2026,ROCHA,Bercario,0,318.0,5,5,0,0,88.71310625105924,61.0,118.0,50.0,137.0,0.05293890706359489,0.3116438356164384,99.10273972602741,2026-08-30,PPML-FE ridge v0.1,0.1-auditoria
2026,ROCHA,Maternal I,0,155.0,5,0,5,0,65.04963091876951,44.0,88.0,36.0,102.0,0.05293890706359489,0.20967741935483872,32.5,2026-08-30,PPML-FE ridge v0.1,0.1-auditoria
2026,ROCHA,Maternal II,0,186.0,5,0,0,5,37.90400094240874,25.0,52.0,19.0,61.0,0.05293890706359489,0.1282051282051282,23.846153846153843,2026-08-30,PPML-FE ridge v0.1,0.1-auditoria
2026,ROCHA MIRANDA,Bercario,0,691.0,5,5,0,0,175.60930937819086,124.0,232.0,102.0,268.0,0.05293890706359489,0.23342541436464087,161.29696132596683,2026-08-30,PPML-FE ridge v0.1,0.1-auditoria
2026,ROCHA MIRANDA,Maternal I,0,358.0,5,0,5,0,136.8689661111524,96.0,181.0,79.0,210.0,0.05293890706359489,0.3388888888888889,121.32222222222222,2026-08-30,PPML-FE ridge v0.1,0.1-auditoria
2026,ROCHA MIRANDA,Maternal II,0,360.0,5,0,0,5,66.8318421456037,46.0,90.0,37.0,105.0,0.05293890706359489,0.22972972972972974,82.70270270270271,2026-08-30,PPML-FE ridge v0.1,0.1-auditoria
2026,ROCINHA,Bercario,0,1375.0,5,5,0,0,219.37933654522496,155.0,289.0,128.0,333.0,0.05293890706359489,0.23117076808351977,317.85980611483967,2026-08-30,PPML-FE ridge v0.1,0.1-auditoria
2026,ROCINHA,Maternal I,0,657.0,5,0,5,0,157.69243617172233,111.0,208.0,91.0,241.0,0.05293890706359489,0.3619047619047619,237.77142857142857,2026-08-30,PPML-FE ridge v0.1,0.1-auditoria
2026,ROCINHA,Maternal II,0,735.0,5,0,0,5,85.66270880994672,59.0,114.0,48.0,133.0,0.05293890706359489,0.20448179271708683,150.2941176470588,2026-08-30,PPML-FE ridge v0.1,0.1-auditoria
2026,SAMPAIO,Bercario,0,201.0,5,5,0,0,61.155406631765146,41.0,82.0,33.0,96.0,0.05293890706359489,0.41363636363636364,83.14090909090909,2026-08-30,PPML-FE ridge v0.1,0.1-auditoria
2026,SAMPAIO,Maternal I,0,117.0,5,0,5,0,53.552177560937274,36.0,72.0,29.0,85.0,0.05293890706359489,0.296875,34.734375,2026-08-30,PPML-FE ridge v0.1,0.1-auditoria
2026,SAMPAIO,Maternal II,0,128.0,5,0,0,5,28.44855514761315,18.0,40.0,14.0,47.0,0.05293890706359489,0.14049586776859505,17.983471074380166,2026-08-30,PPML-FE ridge v0.1,0.1-auditoria
2026,SANTA CRUZ,Bercario,0,6118.0,5,5,0,0,1704.9426415873425,1223.0,2226.0,1021.0,2560.0,0.05293890706359489,0.3136897864591955,1919.154113557358,2026-08-30,PPML-FE ridge v0.1,0.1-auditoria
2026,SANTA CRUZ,Maternal I,0,3109.0,5,0,5,0,1303.3873291699251,934.0,1702.0,780.0,1958.0,0.05293890706359489,0.44969850841002856,1398.1126626467787,2026-08-30,PPML-FE ridge v0.1,0.1-auditoria
2026,SANTA CRUZ,Maternal II,0,3151.0,5,0,0,5,641.4460678198653,458.0,839.0,382.0,966.0,0.05293890706359489,0.20204081632653062,636.630612244898,2026-08-30,PPML-FE ridge v0.1,0.1-auditoria
2026,SANTA TERESA,Bercario,0,609.0,5,5,0,0,182.4267774698801,129.0,241.0,106.0,278.0,0.05293890706359489,0.29983525535420097,182.5996705107084,2026-08-30,PPML-FE ridge v0.1,0.1-auditoria
2026,SANTA TERESA,Maternal I,0,313.0,5,0,5,0,141.04838044971876,99.0,187.0,81.0,216.0,0.05293890706359489,0.3522727272727273,110.26136363636364,2026-08-30,PPML-FE ridge v0.1,0.1-auditoria
2026,SANTA TERESA,Maternal II,0,352.0,5,0,0,5,77.02388162115318,53.0,103.0,43.0,120.0,0.05293890706359489,0.14713896457765668,51.792915531335154,2026-08-30,PPML-FE ridge v0.1,0.1-auditoria
2026,SANTISSIMO,Bercario,0,953.0,5,5,0,0,325.8227933289374,232.0,428.0,192.0,493.0,0.05293890706359489,0.27689243027888444,263.8784860557769,2026-08-30,PPML-FE ridge v0.1,0.1-auditoria
2026,SANTISSIMO,Maternal I,0,521.0,5,0,5,0,267.96542264606023,190.0,352.0,157.0,406.0,0.05293890706359489,0.5106382978723404,266.04255319148933,2026-08-30,PPML-FE ridge v0.1,0.1-auditoria
2026,SANTISSIMO,Maternal II,0,517.0,5,0,0,5,129.11911744128298,90.0,171.0,74.0,198.0,0.05293890706359489,0.19939577039274925,103.08761329305136,2026-08-30,PPML-FE ridge v0.1,0.1-auditoria
2026,SANTO CRISTO,Bercario,0,244.0,5,5,0,0,68.36316694426645,47.0,92.0,38.0,107.0,0.05293890706359489,0.3241106719367589,79.08300395256917,2026-08-30,PPML-FE ridge v0.1,0.1-auditoria
2026,SANTO CRISTO,Maternal I,0,135.0,5,0,5,0,56.900828237647005,38.0,77.0,31.0,90.0,0.05293890706359489,0.37748344370860926,50.96026490066225,2026-08-30,PPML-FE ridge v0.1,0.1-auditoria
2026,SANTO CRISTO,Maternal II,0,151.0,5,0,0,5,30.90443001398586,20.0,43.0,15.0,51.0,0.05293890706359489,0.14367816091954022,21.695402298850574,2026-08-30,PPML-FE ridge v0.1,0.1-auditoria
2026,SAO CONRADO,Bercario,0,157.0,5,5,0,0,20.363466393547228,12.0,29.0,9.0,35.0,0.05293890706359489,0.13385826771653545,21.015748031496067,2026-08-30,PPML-FE ridge v0.1,0.1-auditoria
2026,SAO CONRADO,Maternal I,0,56.0,5,0,5,0,10.926788961855447,6.0,16.0,4.0,20.0,0.05293890706359489,0.011904761904761904,0.6666666666666666,2026-08-30,PPML-FE ridge v0.1,0.1-auditoria
2026,SAO CONRADO,Maternal II,0,84.0,5,0,0,5,7.958711933832152,4.0,12.0,2.0,15.0,0.05293890706359489,0.013157894736842105,1.1052631578947367,2026-08-30,PPML-FE ridge v0.1,0.1-auditoria
2026,SAO CRISTOVAO,Bercario,0,547.0,5,5,0,0,181.78182698988658,128.0,240.0,106.0,277.0,0.05293890706359489,0.43859649122807015,239.91228070175438,2026-08-30,PPML-FE ridge v0.1,0.1-auditoria
2026,SAO CRISTOVAO,Maternal I,0,307.0,5,0,5,0,153.48077573031566,108.0,203.0,89.0,235.0,0.05293890706359489,0.3767441860465116,115.66046511627907,2026-08-30,PPML-FE ridge v0.1,0.1-auditoria
2026,SAO CRISTOVAO,Maternal II,0,430.0,5,0,0,5,104.38618771276339,72.0,139.0,59.0,161.0,0.05293890706359489,0.17954545454545454,77.20454545454545,2026-08-30,PPML-FE ridge v0.1,0.1-auditoria
2026,SAO FRANCISCO XAVIER,Bercario,0,108.0,5,5,0,0,22.892227795248346,14.0,32.0,11.0,38.0,0.05293890706359489,0.18181818181818182,19.636363636363637,2026-08-30,PPML-FE ridge v0.1,0.1-auditoria
2026,SAO FRANCISCO XAVIER,Maternal I,0,49.0,5,0,5,0,15.624742033539084,9.0,23.0,6.0,27.0,0.05293890706359489,0.35,17.15,2026-08-30,PPML-FE ridge v0.1,0.1-auditoria
2026,SAO FRANCISCO XAVIER,Maternal II,0,60.0,5,0,0,5,9.290241369132076,5.0,14.0,3.0,17.0,0.05293890706359489,0.10909090909090909,6.545454545454545,2026-08-30,PPML-FE ridge v0.1,0.1-auditoria
2026,SAUDE,Bercario,0,34.0,5,5,0,0,6.642288034282994,3.0,11.0,2.0,13.0,0.05293890706359489,0.12962962962962962,4.407407407407407,2026-08-30,PPML-FE ridge v0.1,0.1-auditoria
2026,SAUDE,Maternal I,0,33.0,5,0,5,0,9.698514056680875,5.0,15.0,3.0,18.0,0.05293890706359489,0.2631578947368421,8.68421052631579,2026-08-30,PPML-FE ridge v0.1,0.1-auditoria
2026,SAUDE,Maternal II,0,19.0,5,0,0,5,2.7114639332064487,1.0,5.0,0.0,7.0,0.05293890706359489,0.0625,1.1875,2026-08-30,PPML-FE ridge v0.1,0.1-auditoria
2026,SENADOR CAMARA,Bercario,0,1966.0,5,5,0,0,580.1278735632012,414.0,759.0,345.0,874.0,0.05293890706359489,0.17189030362389815,337.93633692458377,2026-08-30,PPML-FE ridge v0.1,0.1-auditoria
2026,SENADOR CAMARA,Maternal I,0,1070.0,5,0,5,0,474.9812534959802,339.0,622.0,282.0,717.0,0.05293890706359489,0.37095363079615046,396.920384951881,2026-08-30,PPML-FE ridge v0.1,0.1-auditoria
2026,SENADOR CAMARA,Maternal II,0,1143.0,5,0,0,5,246.37571255422918,174.0,324.0,144.0,374.0,0.05293890706359489,0.25602660016625106,292.638403990025,2026-08-30,PPML-FE ridge v0.1,0.1-auditoria
2026,SENADOR VASCONCELOS,Bercario,0,601.0,5,5,0,0,213.45450362730952,151.0,281.0,125.0,325.0,0.05293890706359489,0.22982456140350876,138.12456140350878,2026-08-30,PPML-FE ridge v0.1,0.1-auditoria
2026,SENADOR VASCONCELOS,Maternal I,0,267.0,5,0,5,0,142.65749184423115,100.0,189.0,82.0,218.0,0.05293890706359489,0.5098039215686274,136.1176470588235,2026-08-30,PPML-FE ridge v0.1,0.1-auditoria
2026,SENADOR VASCONCELOS,Maternal II,0,306.0,5,0,0,5,79.38961952506757,55.0,106.0,44.0,123.0,0.05293890706359489,0.2134502923976608,65.3157894736842,2026-08-30,PPML-FE ridge v0.1,0.1-auditoria
2026,SEPETIBA,Bercario,0,1429.0,5,5,0,0,449.0145050345385,320.0,588.0,266.0,678.0,0.05293890706359489,0.4567143830947512,652.6448534423995,2026-08-30,PPML-FE ridge v0.1,0.1-auditoria
2026,SEPETIBA,Maternal I,0,770.0,5,0,5,0,363.9748197087497,259.0,477.0,215.0,550.0,0.05293890706359489,0.4481792717086835,345.0980392156863,2026-08-30,PPML-FE ridge v0.1,0.1-auditoria
2026,SEPETIBA,Maternal II,0,714.0,5,0,0,5,163.88446870540113,115.0,216.0,95.0,250.0,0.05293890706359489,0.2857142857142857,204.0,2026-08-30,PPML-FE ridge v0.1,0.1-auditoria
2026,TANQUE,Bercario,0,806.0,5,5,0,0,255.82364211390552,181.0,336.0,150.0,388.0,0.05293890706359489,0.2720496894409938,219.272049689441,2026-08-30,PPML-FE ridge v0.1,0.1-auditoria
2026,TANQUE,Maternal I,0,384.0,5,0,5,0,183.35355407863355,129.0,242.0,107.0,279.0,0.05293890706359489,0.5459317585301837,209.63779527559055,2026-08-30,PPML-FE ridge v0.1,0.1-auditoria
2026,TANQUE,Maternal II,0,381.0,5,0,0,5,88.33687981322299,61.0,118.0,50.0,137.0,0.05293890706359489,0.20361990950226244,77.57918552036199,2026-08-30,PPML-FE ridge v0.1,0.1-auditoria
2026,TAQUARA,Bercario,0,1942.0,5,5,0,0,439.49338827000093,313.0,576.0,260.0,663.0,0.05293890706359489,0.21339113680154143,414.40558766859345,2026-08-30,PPML-FE ridge v0.1,0.1-auditoria
2026,TAQUARA,Maternal I,0,1106.0,5,0,5,0,376.5396545149692,268.0,494.0,223.0,569.0,0.05293890706359489,0.2782874617737003,307.7859327217125,2026-08-30,PPML-FE ridge v0.1,0.1-auditoria
2026,TAQUARA,Maternal II,0,1308.0,5,0,0,5,216.2331665106939,153.0,285.0,126.0,329.0,0.05293890706359489,0.16189000774593337,211.75213013168084,2026-08-30,PPML-FE ridge v0.1,0.1-auditoria
2026,TAUA,Bercario,0,436.0,5,5,0,0,117.14515643573402,82.0,156.0,67.0,180.0,0.05293890706359489,0.26605504587155965,116.0,2026-08-30,PPML-FE ridge v0.1,0.1-auditoria
2026,TAUA,Maternal I,0,226.0,5,0,5,0,91.34794021787535,63.0,122.0,51.0,141.0,0.05293890706359489,0.3627450980392157,81.98039215686275,2026-08-30,PPML-FE ridge v0.1,0.1-auditoria
2026,TAUA,Maternal II,0,204.0,5,0,0,5,40.03865302907835,26.0,55.0,21.0,64.0,0.05293890706359489,0.14122137404580154,28.809160305343514,2026-08-30,PPML-FE ridge v0.1,0.1-auditoria
2026,TIJUCA,Bercario,0,1839.0,5,5,0,0,268.99234494295996,191.0,354.0,158.0,408.0,0.05293890706359489,0.14856557377049182,273.2120901639345,2026-08-30,PPML-FE ridge v0.1,0.1-auditoria
2026,TIJUCA,Maternal I,0,1042.0,5,0,5,0,229.28644621683753,162.0,302.0,134.0,348.0,0.05293890706359489,0.14800389483933787,154.22005842259006,2026-08-30,PPML-FE ridge v0.1,0.1-auditoria
2026,TIJUCA,Maternal II,0,1027.0,5,0,0,5,109.73371416994948,76.0,146.0,62.0,169.0,0.05293890706359489,0.05711422845691383,58.6563126252505,2026-08-30,PPML-FE ridge v0.1,0.1-auditoria
2026,TODOS OS SANTOS,Bercario,0,263.0,5,5,0,0,34.0522220064087,22.0,47.0,17.0,55.0,0.05293890706359489,0.055762081784386616,14.66542750929368,2026-08-30,PPML-FE ridge v0.1,0.1-auditoria
2026,TODOS OS SANTOS,Maternal I,0,142.0,5,0,5,0,27.65862107545391,18.0,39.0,13.0,46.0,0.05293890706359489,0.14285714285714285,20.285714285714285,2026-08-30,PPML-FE ridge v0.1,0.1-auditoria
2026,TODOS OS SANTOS,Maternal II,0,140.0,5,0,0,5,13.241256154082587,7.0,20.0,5.0,24.0,0.05293890706359489,0.07534246575342465,10.54794520547945,2026-08-30,PPML-FE ridge v0.1,0.1-auditoria
2026,TOMAS COELHO,Bercario,0,401.0,5,5,0,0,117.29766460088305,82.0,156.0,67.0,180.0,0.05293890706359489,0.2311212814645309,92.67963386727689,2026-08-30,PPML-FE ridge v0.1,0.1-auditoria
2026,TOMAS COELHO,Maternal I,0,230.0,5,0,5,0,101.21043728209342,70.0,135.0,57.0,156.0,0.05293890706359489,0.34782608695652173,80.0,2026-08-30,PPML-FE ridge v0.1,0.1-auditoria
2026,TOMAS COELHO,Maternal II,0,230.0,5,0,0,5,49.14555824450169,33.0,67.0,26.0,78.0,0.05293890706359489,0.15234375,35.0390625,2026-08-30,PPML-FE ridge v0.1,0.1-auditoria
2026,TURIACU,Bercario,0,269.0,5,5,0,0,72.69122550920729,50.0,97.0,40.0,113.0,0.05293890706359489,0.21933085501858737,59.0,2026-08-30,PPML-FE ridge v0.1,0.1-auditoria
2026,TURIACU,Maternal I,0,140.0,5,0,5,0,56.912834895472436,38.0,77.0,31.0,90.0,0.05293890706359489,0.24675324675324675,34.54545454545455,2026-08-30,PPML-FE ridge v0.1,0.1-auditoria
2026,TURIACU,Maternal II,0,154.0,5,0,0,5,30.399180450740026,20.0,42.0,15.0,50.0,0.05293890706359489,0.1506849315068493,23.205479452054792,2026-08-30,PPML-FE ridge v0.1,0.1-auditoria
2026,URCA,Bercario,0,93.0,5,5,0,0,14.299032542600196,8.0,21.0,6.0,25.0,0.05293890706359489,0.05,4.65,2026-08-30,PPML-FE ridge v0.1,0.1-auditoria
2026,URCA,Maternal I,0,38.0,5,0,5,0,8.789411043773322,4.0,14.0,3.0,17.0,0.05293890706359489,0.12,4.56,2026-08-30,PPML-FE ridge v0.1,0.1-auditoria
2026,URCA,Maternal II,0,50.0,5,0,0,5,5.6157162295565115,2.0,9.0,1.0,12.0,0.05293890706359489,0.0425531914893617,2.127659574468085,2026-08-30,PPML-FE ridge v0.1,0.1-auditoria
2026,VARGEM GRANDE,Bercario,0,494.0,5,5,0,0,107.18900489905738,75.0,143.0,61.0,165.0,0.05293890706359489,0.2682926829268293,132.53658536585365,2026-08-30,PPML-FE ridge v0.1,0.1-auditoria
2026,VARGEM GRANDE,Maternal I,0,292.0,5,0,5,0,95.31442101389727,66.0,127.0,54.0,147.0,0.05293890706359489,0.2913907284768212,85.08609271523179,2026-08-30,PPML-FE ridge v0.1,0.1-auditoria
2026,VARGEM GRANDE,Maternal II,0,302.0,5,0,0,5,47.86760261325336,32.0,65.0,25.0,76.0,0.05293890706359489,0.25,75.5,2026-08-30,PPML-FE ridge v0.1,0.1-auditoria
2026,VARGEM PEQUENA,Bercario,0,667.0,5,5,0,0,122.26341965124912,85.0,162.0,70.0,188.0,0.05293890706359489,0.1648793565683646,109.9745308310992,2026-08-30,PPML-FE ridge v0.1,0.1-auditoria
2026,VARGEM PEQUENA,Maternal I,0,408.0,5,0,5,0,112.50798335690881,78.0,149.0,64.0,173.0,0.05293890706359489,0.2328767123287671,95.01369863013699,2026-08-30,PPML-FE ridge v0.1,0.1-auditoria
2026,VARGEM PEQUENA,Maternal II,0,365.0,5,0,0,5,48.87367685061858,33.0,66.0,26.0,78.0,0.05293890706359489,0.16879795396419436,61.611253196930946,2026-08-30,PPML-FE ridge v0.1,0.1-auditoria
2026,VASCO GAMA,Bercario,0,264.0,5,5,0,0,47.73864283695647,32.0,65.0,25.0,76.0,0.05293890706359489,0.08290155440414508,21.8860103626943,2026-08-30,PPML-FE ridge v0.1,0.1-auditoria
2026,VASCO GAMA,Maternal I,0,59.0,5,0,5,0,16.049836977055467,9.0,23.0,7.0,28.0,0.05293890706359489,0.631578947368421,37.26315789473684,2026-08-30,PPML-FE ridge v0.1,0.1-auditoria
2026,VASCO GAMA,Maternal II,0,19.0,5,0,0,5,2.5097541796263436,1.0,5.0,0.0,6.0,0.05293890706359489,0.08536585365853659,1.6219512195121952,2026-08-30,PPML-FE ridge v0.1,0.1-auditoria
2026,VAZ LOBO,Bercario,0,269.0,5,5,0,0,77.04897117472251,53.0,103.0,43.0,120.0,0.05293890706359489,0.23958333333333334,64.44791666666667,2026-08-30,PPML-FE ridge v0.1,0.1-auditoria
2026,VAZ LOBO,Maternal I,0,155.0,5,0,5,0,66.78804554227834,46.0,90.0,37.0,105.0,0.05293890706359489,0.3419354838709677,53.0,2026-08-30,PPML-FE ridge v0.1,0.1-auditoria
2026,VAZ LOBO,Maternal II,0,155.0,5,0,0,5,32.43080328845883,21.0,45.0,16.0,53.0,0.05293890706359489,0.18518518518518517,28.703703703703702,2026-08-30,PPML-FE ridge v0.1,0.1-auditoria
2026,VICENTE CARVALHO,Bercario,0,350.0,5,5,0,0,93.6578772749156,65.0,125.0,53.0,145.0,0.05293890706359489,0.22994652406417113,80.4812834224599,2026-08-30,PPML-FE ridge v0.1,0.1-auditoria
2026,VICENTE CARVALHO,Maternal I,0,207.0,5,0,5,0,83.32955910294827,57.0,111.0,47.0,129.0,0.05293890706359489,0.31063829787234043,64.30212765957447,2026-08-30,PPML-FE ridge v0.1,0.1-auditoria
2026,VICENTE CARVALHO,Maternal II,0,235.0,5,0,0,5,45.93625353321329,31.0,63.0,24.0,73.0,0.05293890706359489,0.14864864864864866,34.932432432432435,2026-08-30,PPML-FE ridge v0.1,0.1-auditoria
2026,VIDIGAL,Bercario,0,272.0,5,5,0,0,86.29978092196674,60.0,115.0,48.0,134.0,0.05293890706359489,0.36,97.92,2026-08-30,PPML-FE ridge v0.1,0.1-auditoria
2026,VIDIGAL,Maternal I,0,182.0,5,0,5,0,86.86896549856122,60.0,116.0,49.0,135.0,0.05293890706359489,0.42105263157894735,76.63157894736841,2026-08-30,PPML-FE ridge v0.1,0.1-auditoria
2026,VIDIGAL,Maternal II,0,152.0,5,0,0,5,35.22863540481648,23.0,49.0,18.0,57.0,0.05293890706359489,0.13609467455621302,20.68639053254438,2026-08-30,PPML-FE ridge v0.1,0.1-auditoria
2026,VIGARIO GERAL,Bercario,0,753.0,5,5,0,0,190.0088077074365,134.0,251.0,111.0,289.0,0.05293890706359489,0.2112676056338028,159.0845070422535,2026-08-30,PPML-FE ridge v0.1,0.1-auditoria
2026,VIGARIO GERAL,Maternal I,0,390.0,5,0,5,0,148.0457130521054,104.0,196.0,85.0,226.0,0.05293890706359489,0.4582210242587601,178.70619946091645,2026-08-30,PPML-FE ridge v0.1,0.1-auditoria
2026,VIGARIO GERAL,Maternal II,0,371.0,5,0,0,5,68.38551313207621,47.0,92.0,38.0,107.0,0.05293890706359489,0.15876777251184834,58.90284360189573,2026-08-30,PPML-FE ridge v0.1,0.1-auditoria
2026,VILA ISABEL,Bercario,0,861.0,5,5,0,0,152.77862254578733,107.0,202.0,88.0,234.0,0.05293890706359489,0.20705346985210465,178.2730375426621,2026-08-30,PPML-FE ridge v0.1,0.1-auditoria
2026,VILA ISABEL,Maternal I,0,460.0,5,0,5,0,122.79190661253936,86.0,163.0,70.0,189.0,0.05293890706359489,0.17536534446764093,80.66805845511483,2026-08-30,PPML-FE ridge v0.1,0.1-auditoria
2026,VILA ISABEL,Maternal II,0,479.0,5,0,0,5,62.087817784678705,42.0,84.0,34.0,97.0,0.05293890706359489,0.08630393996247655,41.33958724202627,2026-08-30,PPML-FE ridge v0.1,0.1-auditoria
2026,VILA KENNEDY,Bercario,0,423.0,5,5,0,0,28.215717304420792,18.0,39.0,14.0,46.0,0.05293890706359489,0.001976284584980237,0.8359683794466403,2026-08-30,PPML-FE ridge v0.1,0.1-auditoria
2026,VILA KENNEDY,Maternal I,0,277.0,5,0,5,0,27.796042663363224,18.0,39.0,14.0,46.0,0.05293890706359489,0.045454545454545456,12.590909090909092,2026-08-30,PPML-FE ridge v0.1,0.1-auditoria
2026,VILA KENNEDY,Maternal II,0,44.0,5,0,0,5,2.143950965563121,0.0,4.0,0.0,6.0,0.05293890706359489,0.0,0.0,2026-08-30,PPML-FE ridge v0.1,0.1-auditoria
2026,VILA KOSMOS,Bercario,0,202.0,5,5,0,0,55.55684744884814,37.0,75.0,30.0,88.0,0.05293890706359489,0.16748768472906403,33.83251231527093,2026-08-30,PPML-FE ridge v0.1,0.1-auditoria
2026,VILA KOSMOS,Maternal I,0,115.0,5,0,5,0,47.581325609826095,32.0,65.0,25.0,76.0,0.05293890706359489,0.37962962962962965,43.65740740740741,2026-08-30,PPML-FE ridge v0.1,0.1-auditoria
2026,VILA KOSMOS,Maternal II,0,108.0,5,0,0,5,21.698085877619018,13.0,31.0,10.0,37.0,0.05293890706359489,0.14634146341463414,15.804878048780488,2026-08-30,PPML-FE ridge v0.1,0.1-auditoria
2026,VILA MILITAR,Bercario,0,241.0,5,5,0,0,29.26679719762685,19.0,41.0,14.0,48.0,0.05293890706359489,0.022388059701492536,5.395522388059701,2026-08-30,PPML-FE ridge v0.1,0.1-auditoria
2026,VILA MILITAR,Maternal I,0,151.0,5,0,5,0,27.585926537791543,18.0,38.0,13.0,45.0,0.05293890706359489,0.12222222222222222,18.455555555555556,2026-08-30,PPML-FE ridge v0.1,0.1-auditoria
2026,VILA MILITAR,Maternal II,0,90.0,5,0,0,5,7.983845219543322,4.0,12.0,2.0,15.0,0.05293890706359489,0.11258278145695365,10.132450331125828,2026-08-30,PPML-FE ridge v0.1,0.1-auditoria
2026,VILA PENHA,Bercario,0,251.0,5,5,0,0,41.40632626765086,27.0,57.0,22.0,66.0,0.05293890706359489,0.22137404580152673,55.56488549618321,2026-08-30,PPML-FE ridge v0.1,0.1-auditoria
2026,VILA PENHA,Maternal I,0,134.0,5,0,5,0,33.254486743605256,22.0,46.0,17.0,54.0,0.05293890706359489,0.32298136645962733,43.27950310559006,2026-08-30,PPML-FE ridge v0.1,0.1-auditoria
2026,VILA PENHA,Maternal II,0,161.0,5,0,0,5,19.401276192817438,12.0,28.0,9.0,33.0,0.05293890706359489,0.08791208791208792,14.153846153846155,2026-08-30,PPML-FE ridge v0.1,0.1-auditoria
2026,VILA VALQUEIRE,Bercario,0,556.0,5,5,0,0,105.76892768368738,73.0,141.0,60.0,163.0,0.05293890706359489,0.15034965034965034,83.59440559440559,2026-08-30,PPML-FE ridge v0.1,0.1-auditoria
2026,VILA VALQUEIRE,Maternal I,0,285.0,5,0,5,0,81.56064324119134,56.0,109.0,45.0,127.0,0.05293890706359489,0.33223684210526316,94.6875,2026-08-30,PPML-FE ridge v0.1,0.1-auditoria
2026,VILA VALQUEIRE,Maternal II,0,304.0,5,0,0,5,42.24432130924151,28.0,58.0,22.0,68.0,0.05293890706359489,0.16287878787878787,49.515151515151516,2026-08-30,PPML-FE ridge v0.1,0.1-auditoria
2026,VISTA ALEGRE,Bercario,0,88.0,5,5,0,0,20.245350138100953,12.0,29.0,9.0,34.0,0.05293890706359489,0.272,23.936,2026-08-30,PPML-FE ridge v0.1,0.1-auditoria
2026,VISTA ALEGRE,Maternal I,0,75.0,5,0,5,0,25.957111095185628,16.0,36.0,12.0,43.0,0.05293890706359489,0.32727272727272727,24.545454545454547,2026-08-30,PPML-FE ridge v0.1,0.1-auditoria
2026,VISTA ALEGRE,Maternal II,0,55.0,5,0,0,5,9.243080881043078,5.0,14.0,3.0,17.0,0.05293890706359489,0.22413793103448276,12.327586206896552,2026-08-30,PPML-FE ridge v0.1,0.1-auditoria
2026,ZUMBI,Bercario,0,36.0,5,5,0,0,6.658289623335364,3.0,11.0,2.0,13.0,0.05293890706359489,0.2,7.2,2026-08-30,PPML-FE ridge v0.1,0.1-auditoria
2026,ZUMBI,Maternal I,0,17.0,5,0,5,0,4.730004733007098,2.0,8.0,1.0,10.0,0.05293890706359489,0.12,2.04,2026-08-30,PPML-FE ridge v0.1,0.1-auditoria
2026,ZUMBI,Maternal II,0,25.0,5,0,0,5,3.3776265824602527,1.0,6.0,0.0,8.0,0.05293890706359489,0.08695652173913043,2.1739130434782608,2026-08-30,PPML-FE ridge v0.1,0.1-auditoria
