competencia,admissoes_fem,desligamentos_fem,saldo_fem,ano,mes,municipio,codigo_municipio_ibge,sexo,extraido_em_utc,fonte
202001,22899,29363,-6464,2020,1,Rio de Janeiro,3304557,Mulher,2026-08-30T17:04:40.407676+00:00,https://app.powerbi.com/view?pageName=ReportSectionb52b07ec3b5f3ac6c749&r=eyJrIjoiNWI5NWI0ODEtYmZiYy00Mjg3LTkzNWUtY2UyYjIwMDE1YWI2IiwidCI6IjNlYzkyOTY5LTVhNTEtNGYxOC04YWM5LWVmOThmYmFmYTk3OCJ9
202002,26449,29611,-3162,2020,2,Rio de Janeiro,3304557,Mulher,2026-08-30T17:04:40.407676+00:00,https://app.powerbi.com/view?pageName=ReportSectionb52b07ec3b5f3ac6c749&r=eyJrIjoiNWI5NWI0ODEtYmZiYy00Mjg3LTkzNWUtY2UyYjIwMDE1YWI2IiwidCI6IjNlYzkyOTY5LTVhNTEtNGYxOC04YWM5LWVmOThmYmFmYTk3OCJ9
202003,22292,30106,-7814,2020,3,Rio de Janeiro,3304557,Mulher,2026-08-30T17:04:40.407676+00:00,https://app.powerbi.com/view?pageName=ReportSectionb52b07ec3b5f3ac6c749&r=eyJrIjoiNWI5NWI0ODEtYmZiYy00Mjg3LTkzNWUtY2UyYjIwMDE1YWI2IiwidCI6IjNlYzkyOTY5LTVhNTEtNGYxOC04YWM5LWVmOThmYmFmYTk3OCJ9
202004,12144,30222,-18078,2020,4,Rio de Janeiro,3304557,Mulher,2026-08-30T17:04:40.407676+00:00,https://app.powerbi.com/view?pageName=ReportSectionb52b07ec3b5f3ac6c749&r=eyJrIjoiNWI5NWI0ODEtYmZiYy00Mjg3LTkzNWUtY2UyYjIwMDE1YWI2IiwidCI6IjNlYzkyOTY5LTVhNTEtNGYxOC04YWM5LWVmOThmYmFmYTk3OCJ9
202005,10479,18229,-7750,2020,5,Rio de Janeiro,3304557,Mulher,2026-08-30T17:04:40.407676+00:00,https://app.powerbi.com/view?pageName=ReportSectionb52b07ec3b5f3ac6c749&r=eyJrIjoiNWI5NWI0ODEtYmZiYy00Mjg3LTkzNWUtY2UyYjIwMDE1YWI2IiwidCI6IjNlYzkyOTY5LTVhNTEtNGYxOC04YWM5LWVmOThmYmFmYTk3OCJ9
202006,10322,16232,-5910,2020,6,Rio de Janeiro,3304557,Mulher,2026-08-30T17:04:40.407676+00:00,https://app.powerbi.com/view?pageName=ReportSectionb52b07ec3b5f3ac6c749&r=eyJrIjoiNWI5NWI0ODEtYmZiYy00Mjg3LTkzNWUtY2UyYjIwMDE1YWI2IiwidCI6IjNlYzkyOTY5LTVhNTEtNGYxOC04YWM5LWVmOThmYmFmYTk3OCJ9
202007,13199,17254,-4055,2020,7,Rio de Janeiro,3304557,Mulher,2026-08-30T17:04:40.407676+00:00,https://app.powerbi.com/view?pageName=ReportSectionb52b07ec3b5f3ac6c749&r=eyJrIjoiNWI5NWI0ODEtYmZiYy00Mjg3LTkzNWUtY2UyYjIwMDE1YWI2IiwidCI6IjNlYzkyOTY5LTVhNTEtNGYxOC04YWM5LWVmOThmYmFmYTk3OCJ9
202008,16502,17671,-1169,2020,8,Rio de Janeiro,3304557,Mulher,2026-08-30T17:04:40.407676+00:00,https://app.powerbi.com/view?pageName=ReportSectionb52b07ec3b5f3ac6c749&r=eyJrIjoiNWI5NWI0ODEtYmZiYy00Mjg3LTkzNWUtY2UyYjIwMDE1YWI2IiwidCI6IjNlYzkyOTY5LTVhNTEtNGYxOC04YWM5LWVmOThmYmFmYTk3OCJ9
202009,18249,18018,231,2020,9,Rio de Janeiro,3304557,Mulher,2026-08-30T17:04:40.407676+00:00,https://app.powerbi.com/view?pageName=ReportSectionb52b07ec3b5f3ac6c749&r=eyJrIjoiNWI5NWI0ODEtYmZiYy00Mjg3LTkzNWUtY2UyYjIwMDE1YWI2IiwidCI6IjNlYzkyOTY5LTVhNTEtNGYxOC04YWM5LWVmOThmYmFmYTk3OCJ9
202010,21376,19679,1697,2020,10,Rio de Janeiro,3304557,Mulher,2026-08-30T17:04:40.407676+00:00,https://app.powerbi.com/view?pageName=ReportSectionb52b07ec3b5f3ac6c749&r=eyJrIjoiNWI5NWI0ODEtYmZiYy00Mjg3LTkzNWUtY2UyYjIwMDE1YWI2IiwidCI6IjNlYzkyOTY5LTVhNTEtNGYxOC04YWM5LWVmOThmYmFmYTk3OCJ9
202011,24878,17343,7535,2020,11,Rio de Janeiro,3304557,Mulher,2026-08-30T17:04:40.407676+00:00,https://app.powerbi.com/view?pageName=ReportSectionb52b07ec3b5f3ac6c749&r=eyJrIjoiNWI5NWI0ODEtYmZiYy00Mjg3LTkzNWUtY2UyYjIwMDE1YWI2IiwidCI6IjNlYzkyOTY5LTVhNTEtNGYxOC04YWM5LWVmOThmYmFmYTk3OCJ9
202012,24521,21807,2714,2020,12,Rio de Janeiro,3304557,Mulher,2026-08-30T17:04:40.407676+00:00,https://app.powerbi.com/view?pageName=ReportSectionb52b07ec3b5f3ac6c749&r=eyJrIjoiNWI5NWI0ODEtYmZiYy00Mjg3LTkzNWUtY2UyYjIwMDE1YWI2IiwidCI6IjNlYzkyOTY5LTVhNTEtNGYxOC04YWM5LWVmOThmYmFmYTk3OCJ9
202101,21228,24080,-2852,2021,1,Rio de Janeiro,3304557,Mulher,2026-08-30T17:04:40.407676+00:00,https://app.powerbi.com/view?pageName=ReportSectionb52b07ec3b5f3ac6c749&r=eyJrIjoiNWI5NWI0ODEtYmZiYy00Mjg3LTkzNWUtY2UyYjIwMDE1YWI2IiwidCI6IjNlYzkyOTY5LTVhNTEtNGYxOC04YWM5LWVmOThmYmFmYTk3OCJ9
202102,23450,21587,1863,2021,2,Rio de Janeiro,3304557,Mulher,2026-08-30T17:04:40.407676+00:00,https://app.powerbi.com/view?pageName=ReportSectionb52b07ec3b5f3ac6c749&r=eyJrIjoiNWI5NWI0ODEtYmZiYy00Mjg3LTkzNWUtY2UyYjIwMDE1YWI2IiwidCI6IjNlYzkyOTY5LTVhNTEtNGYxOC04YWM5LWVmOThmYmFmYTk3OCJ9
202103,25164,22425,2739,2021,3,Rio de Janeiro,3304557,Mulher,2026-08-30T17:04:40.407676+00:00,https://app.powerbi.com/view?pageName=ReportSectionb52b07ec3b5f3ac6c749&r=eyJrIjoiNWI5NWI0ODEtYmZiYy00Mjg3LTkzNWUtY2UyYjIwMDE1YWI2IiwidCI6IjNlYzkyOTY5LTVhNTEtNGYxOC04YWM5LWVmOThmYmFmYTk3OCJ9
202104,20030,19044,986,2021,4,Rio de Janeiro,3304557,Mulher,2026-08-30T17:04:40.407676+00:00,https://app.powerbi.com/view?pageName=ReportSectionb52b07ec3b5f3ac6c749&r=eyJrIjoiNWI5NWI0ODEtYmZiYy00Mjg3LTkzNWUtY2UyYjIwMDE1YWI2IiwidCI6IjNlYzkyOTY5LTVhNTEtNGYxOC04YWM5LWVmOThmYmFmYTk3OCJ9
202105,24609,19009,5600,2021,5,Rio de Janeiro,3304557,Mulher,2026-08-30T17:04:40.407676+00:00,https://app.powerbi.com/view?pageName=ReportSectionb52b07ec3b5f3ac6c749&r=eyJrIjoiNWI5NWI0ODEtYmZiYy00Mjg3LTkzNWUtY2UyYjIwMDE1YWI2IiwidCI6IjNlYzkyOTY5LTVhNTEtNGYxOC04YWM5LWVmOThmYmFmYTk3OCJ9
202106,24162,19288,4874,2021,6,Rio de Janeiro,3304557,Mulher,2026-08-30T17:04:40.407676+00:00,https://app.powerbi.com/view?pageName=ReportSectionb52b07ec3b5f3ac6c749&r=eyJrIjoiNWI5NWI0ODEtYmZiYy00Mjg3LTkzNWUtY2UyYjIwMDE1YWI2IiwidCI6IjNlYzkyOTY5LTVhNTEtNGYxOC04YWM5LWVmOThmYmFmYTk3OCJ9
202107,25699,23086,2613,2021,7,Rio de Janeiro,3304557,Mulher,2026-08-30T17:04:40.407676+00:00,https://app.powerbi.com/view?pageName=ReportSectionb52b07ec3b5f3ac6c749&r=eyJrIjoiNWI5NWI0ODEtYmZiYy00Mjg3LTkzNWUtY2UyYjIwMDE1YWI2IiwidCI6IjNlYzkyOTY5LTVhNTEtNGYxOC04YWM5LWVmOThmYmFmYTk3OCJ9
202108,31448,21938,9510,2021,8,Rio de Janeiro,3304557,Mulher,2026-08-30T17:04:40.407676+00:00,https://app.powerbi.com/view?pageName=ReportSectionb52b07ec3b5f3ac6c749&r=eyJrIjoiNWI5NWI0ODEtYmZiYy00Mjg3LTkzNWUtY2UyYjIwMDE1YWI2IiwidCI6IjNlYzkyOTY5LTVhNTEtNGYxOC04YWM5LWVmOThmYmFmYTk3OCJ9
202109,28635,22394,6241,2021,9,Rio de Janeiro,3304557,Mulher,2026-08-30T17:04:40.407676+00:00,https://app.powerbi.com/view?pageName=ReportSectionb52b07ec3b5f3ac6c749&r=eyJrIjoiNWI5NWI0ODEtYmZiYy00Mjg3LTkzNWUtY2UyYjIwMDE1YWI2IiwidCI6IjNlYzkyOTY5LTVhNTEtNGYxOC04YWM5LWVmOThmYmFmYTk3OCJ9
202110,27831,21360,6471,2021,10,Rio de Janeiro,3304557,Mulher,2026-08-30T17:04:40.407676+00:00,https://app.powerbi.com/view?pageName=ReportSectionb52b07ec3b5f3ac6c749&r=eyJrIjoiNWI5NWI0ODEtYmZiYy00Mjg3LTkzNWUtY2UyYjIwMDE1YWI2IiwidCI6IjNlYzkyOTY5LTVhNTEtNGYxOC04YWM5LWVmOThmYmFmYTk3OCJ9
202111,31301,19887,11414,2021,11,Rio de Janeiro,3304557,Mulher,2026-08-30T17:04:40.407676+00:00,https://app.powerbi.com/view?pageName=ReportSectionb52b07ec3b5f3ac6c749&r=eyJrIjoiNWI5NWI0ODEtYmZiYy00Mjg3LTkzNWUtY2UyYjIwMDE1YWI2IiwidCI6IjNlYzkyOTY5LTVhNTEtNGYxOC04YWM5LWVmOThmYmFmYTk3OCJ9
202112,26960,29467,-2507,2021,12,Rio de Janeiro,3304557,Mulher,2026-08-30T17:04:40.407676+00:00,https://app.powerbi.com/view?pageName=ReportSectionb52b07ec3b5f3ac6c749&r=eyJrIjoiNWI5NWI0ODEtYmZiYy00Mjg3LTkzNWUtY2UyYjIwMDE1YWI2IiwidCI6IjNlYzkyOTY5LTVhNTEtNGYxOC04YWM5LWVmOThmYmFmYTk3OCJ9
202201,28490,25560,2930,2022,1,Rio de Janeiro,3304557,Mulher,2026-08-30T17:04:40.407676+00:00,https://app.powerbi.com/view?pageName=ReportSectionb52b07ec3b5f3ac6c749&r=eyJrIjoiNWI5NWI0ODEtYmZiYy00Mjg3LTkzNWUtY2UyYjIwMDE1YWI2IiwidCI6IjNlYzkyOTY5LTVhNTEtNGYxOC04YWM5LWVmOThmYmFmYTk3OCJ9
202202,32620,25665,6955,2022,2,Rio de Janeiro,3304557,Mulher,2026-08-30T17:04:40.407676+00:00,https://app.powerbi.com/view?pageName=ReportSectionb52b07ec3b5f3ac6c749&r=eyJrIjoiNWI5NWI0ODEtYmZiYy00Mjg3LTkzNWUtY2UyYjIwMDE1YWI2IiwidCI6IjNlYzkyOTY5LTVhNTEtNGYxOC04YWM5LWVmOThmYmFmYTk3OCJ9
202203,29271,26813,2458,2022,3,Rio de Janeiro,3304557,Mulher,2026-08-30T17:04:40.407676+00:00,https://app.powerbi.com/view?pageName=ReportSectionb52b07ec3b5f3ac6c749&r=eyJrIjoiNWI5NWI0ODEtYmZiYy00Mjg3LTkzNWUtY2UyYjIwMDE1YWI2IiwidCI6IjNlYzkyOTY5LTVhNTEtNGYxOC04YWM5LWVmOThmYmFmYTk3OCJ9
202204,32469,26914,5555,2022,4,Rio de Janeiro,3304557,Mulher,2026-08-30T17:04:40.407676+00:00,https://app.powerbi.com/view?pageName=ReportSectionb52b07ec3b5f3ac6c749&r=eyJrIjoiNWI5NWI0ODEtYmZiYy00Mjg3LTkzNWUtY2UyYjIwMDE1YWI2IiwidCI6IjNlYzkyOTY5LTVhNTEtNGYxOC04YWM5LWVmOThmYmFmYTk3OCJ9
202205,29076,25902,3174,2022,5,Rio de Janeiro,3304557,Mulher,2026-08-30T17:04:40.407676+00:00,https://app.powerbi.com/view?pageName=ReportSectionb52b07ec3b5f3ac6c749&r=eyJrIjoiNWI5NWI0ODEtYmZiYy00Mjg3LTkzNWUtY2UyYjIwMDE1YWI2IiwidCI6IjNlYzkyOTY5LTVhNTEtNGYxOC04YWM5LWVmOThmYmFmYTk3OCJ9
202206,30271,24495,5776,2022,6,Rio de Janeiro,3304557,Mulher,2026-08-30T17:04:40.407676+00:00,https://app.powerbi.com/view?pageName=ReportSectionb52b07ec3b5f3ac6c749&r=eyJrIjoiNWI5NWI0ODEtYmZiYy00Mjg3LTkzNWUtY2UyYjIwMDE1YWI2IiwidCI6IjNlYzkyOTY5LTVhNTEtNGYxOC04YWM5LWVmOThmYmFmYTk3OCJ9
202207,27143,25204,1939,2022,7,Rio de Janeiro,3304557,Mulher,2026-08-30T17:04:40.407676+00:00,https://app.powerbi.com/view?pageName=ReportSectionb52b07ec3b5f3ac6c749&r=eyJrIjoiNWI5NWI0ODEtYmZiYy00Mjg3LTkzNWUtY2UyYjIwMDE1YWI2IiwidCI6IjNlYzkyOTY5LTVhNTEtNGYxOC04YWM5LWVmOThmYmFmYTk3OCJ9
202208,34331,25637,8694,2022,8,Rio de Janeiro,3304557,Mulher,2026-08-30T17:04:40.407676+00:00,https://app.powerbi.com/view?pageName=ReportSectionb52b07ec3b5f3ac6c749&r=eyJrIjoiNWI5NWI0ODEtYmZiYy00Mjg3LTkzNWUtY2UyYjIwMDE1YWI2IiwidCI6IjNlYzkyOTY5LTVhNTEtNGYxOC04YWM5LWVmOThmYmFmYTk3OCJ9
202209,31794,28879,2915,2022,9,Rio de Janeiro,3304557,Mulher,2026-08-30T17:04:40.407676+00:00,https://app.powerbi.com/view?pageName=ReportSectionb52b07ec3b5f3ac6c749&r=eyJrIjoiNWI5NWI0ODEtYmZiYy00Mjg3LTkzNWUtY2UyYjIwMDE1YWI2IiwidCI6IjNlYzkyOTY5LTVhNTEtNGYxOC04YWM5LWVmOThmYmFmYTk3OCJ9
202210,26412,25974,438,2022,10,Rio de Janeiro,3304557,Mulher,2026-08-30T17:04:40.407676+00:00,https://app.powerbi.com/view?pageName=ReportSectionb52b07ec3b5f3ac6c749&r=eyJrIjoiNWI5NWI0ODEtYmZiYy00Mjg3LTkzNWUtY2UyYjIwMDE1YWI2IiwidCI6IjNlYzkyOTY5LTVhNTEtNGYxOC04YWM5LWVmOThmYmFmYTk3OCJ9
202211,30920,22935,7985,2022,11,Rio de Janeiro,3304557,Mulher,2026-08-30T17:04:40.407676+00:00,https://app.powerbi.com/view?pageName=ReportSectionb52b07ec3b5f3ac6c749&r=eyJrIjoiNWI5NWI0ODEtYmZiYy00Mjg3LTkzNWUtY2UyYjIwMDE1YWI2IiwidCI6IjNlYzkyOTY5LTVhNTEtNGYxOC04YWM5LWVmOThmYmFmYTk3OCJ9
202212,25854,27806,-1952,2022,12,Rio de Janeiro,3304557,Mulher,2026-08-30T17:04:40.407676+00:00,https://app.powerbi.com/view?pageName=ReportSectionb52b07ec3b5f3ac6c749&r=eyJrIjoiNWI5NWI0ODEtYmZiYy00Mjg3LTkzNWUtY2UyYjIwMDE1YWI2IiwidCI6IjNlYzkyOTY5LTVhNTEtNGYxOC04YWM5LWVmOThmYmFmYTk3OCJ9
202301,25078,28317,-3239,2023,1,Rio de Janeiro,3304557,Mulher,2026-08-30T17:04:40.407676+00:00,https://app.powerbi.com/view?pageName=ReportSectionb52b07ec3b5f3ac6c749&r=eyJrIjoiNWI5NWI0ODEtYmZiYy00Mjg3LTkzNWUtY2UyYjIwMDE1YWI2IiwidCI6IjNlYzkyOTY5LTVhNTEtNGYxOC04YWM5LWVmOThmYmFmYTk3OCJ9
202302,30489,26716,3773,2023,2,Rio de Janeiro,3304557,Mulher,2026-08-30T17:04:40.407676+00:00,https://app.powerbi.com/view?pageName=ReportSectionb52b07ec3b5f3ac6c749&r=eyJrIjoiNWI5NWI0ODEtYmZiYy00Mjg3LTkzNWUtY2UyYjIwMDE1YWI2IiwidCI6IjNlYzkyOTY5LTVhNTEtNGYxOC04YWM5LWVmOThmYmFmYTk3OCJ9
202303,33266,30257,3009,2023,3,Rio de Janeiro,3304557,Mulher,2026-08-30T17:04:40.407676+00:00,https://app.powerbi.com/view?pageName=ReportSectionb52b07ec3b5f3ac6c749&r=eyJrIjoiNWI5NWI0ODEtYmZiYy00Mjg3LTkzNWUtY2UyYjIwMDE1YWI2IiwidCI6IjNlYzkyOTY5LTVhNTEtNGYxOC04YWM5LWVmOThmYmFmYTk3OCJ9
202304,26659,24195,2464,2023,4,Rio de Janeiro,3304557,Mulher,2026-08-30T17:04:40.407676+00:00,https://app.powerbi.com/view?pageName=ReportSectionb52b07ec3b5f3ac6c749&r=eyJrIjoiNWI5NWI0ODEtYmZiYy00Mjg3LTkzNWUtY2UyYjIwMDE1YWI2IiwidCI6IjNlYzkyOTY5LTVhNTEtNGYxOC04YWM5LWVmOThmYmFmYTk3OCJ9
202305,27918,25862,2056,2023,5,Rio de Janeiro,3304557,Mulher,2026-08-30T17:04:40.407676+00:00,https://app.powerbi.com/view?pageName=ReportSectionb52b07ec3b5f3ac6c749&r=eyJrIjoiNWI5NWI0ODEtYmZiYy00Mjg3LTkzNWUtY2UyYjIwMDE1YWI2IiwidCI6IjNlYzkyOTY5LTVhNTEtNGYxOC04YWM5LWVmOThmYmFmYTk3OCJ9
202306,26914,24663,2251,2023,6,Rio de Janeiro,3304557,Mulher,2026-08-30T17:04:40.407676+00:00,https://app.powerbi.com/view?pageName=ReportSectionb52b07ec3b5f3ac6c749&r=eyJrIjoiNWI5NWI0ODEtYmZiYy00Mjg3LTkzNWUtY2UyYjIwMDE1YWI2IiwidCI6IjNlYzkyOTY5LTVhNTEtNGYxOC04YWM5LWVmOThmYmFmYTk3OCJ9
202307,26936,25243,1693,2023,7,Rio de Janeiro,3304557,Mulher,2026-08-30T17:04:40.407676+00:00,https://app.powerbi.com/view?pageName=ReportSectionb52b07ec3b5f3ac6c749&r=eyJrIjoiNWI5NWI0ODEtYmZiYy00Mjg3LTkzNWUtY2UyYjIwMDE1YWI2IiwidCI6IjNlYzkyOTY5LTVhNTEtNGYxOC04YWM5LWVmOThmYmFmYTk3OCJ9
202308,30523,26543,3980,2023,8,Rio de Janeiro,3304557,Mulher,2026-08-30T17:04:40.407676+00:00,https://app.powerbi.com/view?pageName=ReportSectionb52b07ec3b5f3ac6c749&r=eyJrIjoiNWI5NWI0ODEtYmZiYy00Mjg3LTkzNWUtY2UyYjIwMDE1YWI2IiwidCI6IjNlYzkyOTY5LTVhNTEtNGYxOC04YWM5LWVmOThmYmFmYTk3OCJ9
202309,27310,24965,2345,2023,9,Rio de Janeiro,3304557,Mulher,2026-08-30T17:04:40.407676+00:00,https://app.powerbi.com/view?pageName=ReportSectionb52b07ec3b5f3ac6c749&r=eyJrIjoiNWI5NWI0ODEtYmZiYy00Mjg3LTkzNWUtY2UyYjIwMDE1YWI2IiwidCI6IjNlYzkyOTY5LTVhNTEtNGYxOC04YWM5LWVmOThmYmFmYTk3OCJ9
202310,29035,24798,4237,2023,10,Rio de Janeiro,3304557,Mulher,2026-08-30T17:04:40.407676+00:00,https://app.powerbi.com/view?pageName=ReportSectionb52b07ec3b5f3ac6c749&r=eyJrIjoiNWI5NWI0ODEtYmZiYy00Mjg3LTkzNWUtY2UyYjIwMDE1YWI2IiwidCI6IjNlYzkyOTY5LTVhNTEtNGYxOC04YWM5LWVmOThmYmFmYTk3OCJ9
202311,30059,24121,5938,2023,11,Rio de Janeiro,3304557,Mulher,2026-08-30T17:04:40.407676+00:00,https://app.powerbi.com/view?pageName=ReportSectionb52b07ec3b5f3ac6c749&r=eyJrIjoiNWI5NWI0ODEtYmZiYy00Mjg3LTkzNWUtY2UyYjIwMDE1YWI2IiwidCI6IjNlYzkyOTY5LTVhNTEtNGYxOC04YWM5LWVmOThmYmFmYTk3OCJ9
202312,27898,28792,-894,2023,12,Rio de Janeiro,3304557,Mulher,2026-08-30T17:04:40.407676+00:00,https://app.powerbi.com/view?pageName=ReportSectionb52b07ec3b5f3ac6c749&r=eyJrIjoiNWI5NWI0ODEtYmZiYy00Mjg3LTkzNWUtY2UyYjIwMDE1YWI2IiwidCI6IjNlYzkyOTY5LTVhNTEtNGYxOC04YWM5LWVmOThmYmFmYTk3OCJ9
202401,30113,29504,609,2024,1,Rio de Janeiro,3304557,Mulher,2026-08-30T17:04:40.407676+00:00,https://app.powerbi.com/view?pageName=ReportSectionb52b07ec3b5f3ac6c749&r=eyJrIjoiNWI5NWI0ODEtYmZiYy00Mjg3LTkzNWUtY2UyYjIwMDE1YWI2IiwidCI6IjNlYzkyOTY5LTVhNTEtNGYxOC04YWM5LWVmOThmYmFmYTk3OCJ9
202402,34315,30117,4198,2024,2,Rio de Janeiro,3304557,Mulher,2026-08-30T17:04:40.407676+00:00,https://app.powerbi.com/view?pageName=ReportSectionb52b07ec3b5f3ac6c749&r=eyJrIjoiNWI5NWI0ODEtYmZiYy00Mjg3LTkzNWUtY2UyYjIwMDE1YWI2IiwidCI6IjNlYzkyOTY5LTVhNTEtNGYxOC04YWM5LWVmOThmYmFmYTk3OCJ9
202403,33785,29087,4698,2024,3,Rio de Janeiro,3304557,Mulher,2026-08-30T17:04:40.407676+00:00,https://app.powerbi.com/view?pageName=ReportSectionb52b07ec3b5f3ac6c749&r=eyJrIjoiNWI5NWI0ODEtYmZiYy00Mjg3LTkzNWUtY2UyYjIwMDE1YWI2IiwidCI6IjNlYzkyOTY5LTVhNTEtNGYxOC04YWM5LWVmOThmYmFmYTk3OCJ9
202404,31295,27502,3793,2024,4,Rio de Janeiro,3304557,Mulher,2026-08-30T17:04:40.407676+00:00,https://app.powerbi.com/view?pageName=ReportSectionb52b07ec3b5f3ac6c749&r=eyJrIjoiNWI5NWI0ODEtYmZiYy00Mjg3LTkzNWUtY2UyYjIwMDE1YWI2IiwidCI6IjNlYzkyOTY5LTVhNTEtNGYxOC04YWM5LWVmOThmYmFmYTk3OCJ9
202405,30987,27894,3093,2024,5,Rio de Janeiro,3304557,Mulher,2026-08-30T17:04:40.407676+00:00,https://app.powerbi.com/view?pageName=ReportSectionb52b07ec3b5f3ac6c749&r=eyJrIjoiNWI5NWI0ODEtYmZiYy00Mjg3LTkzNWUtY2UyYjIwMDE1YWI2IiwidCI6IjNlYzkyOTY5LTVhNTEtNGYxOC04YWM5LWVmOThmYmFmYTk3OCJ9
202406,29738,26820,2918,2024,6,Rio de Janeiro,3304557,Mulher,2026-08-30T17:04:40.407676+00:00,https://app.powerbi.com/view?pageName=ReportSectionb52b07ec3b5f3ac6c749&r=eyJrIjoiNWI5NWI0ODEtYmZiYy00Mjg3LTkzNWUtY2UyYjIwMDE1YWI2IiwidCI6IjNlYzkyOTY5LTVhNTEtNGYxOC04YWM5LWVmOThmYmFmYTk3OCJ9
202407,29931,28891,1040,2024,7,Rio de Janeiro,3304557,Mulher,2026-08-30T17:04:40.407676+00:00,https://app.powerbi.com/view?pageName=ReportSectionb52b07ec3b5f3ac6c749&r=eyJrIjoiNWI5NWI0ODEtYmZiYy00Mjg3LTkzNWUtY2UyYjIwMDE1YWI2IiwidCI6IjNlYzkyOTY5LTVhNTEtNGYxOC04YWM5LWVmOThmYmFmYTk3OCJ9
202408,33166,28557,4609,2024,8,Rio de Janeiro,3304557,Mulher,2026-08-30T17:04:40.407676+00:00,https://app.powerbi.com/view?pageName=ReportSectionb52b07ec3b5f3ac6c749&r=eyJrIjoiNWI5NWI0ODEtYmZiYy00Mjg3LTkzNWUtY2UyYjIwMDE1YWI2IiwidCI6IjNlYzkyOTY5LTVhNTEtNGYxOC04YWM5LWVmOThmYmFmYTk3OCJ9
202409,34127,28948,5179,2024,9,Rio de Janeiro,3304557,Mulher,2026-08-30T17:04:40.407676+00:00,https://app.powerbi.com/view?pageName=ReportSectionb52b07ec3b5f3ac6c749&r=eyJrIjoiNWI5NWI0ODEtYmZiYy00Mjg3LTkzNWUtY2UyYjIwMDE1YWI2IiwidCI6IjNlYzkyOTY5LTVhNTEtNGYxOC04YWM5LWVmOThmYmFmYTk3OCJ9
202410,32735,28286,4449,2024,10,Rio de Janeiro,3304557,Mulher,2026-08-30T17:04:40.407676+00:00,https://app.powerbi.com/view?pageName=ReportSectionb52b07ec3b5f3ac6c749&r=eyJrIjoiNWI5NWI0ODEtYmZiYy00Mjg3LTkzNWUtY2UyYjIwMDE1YWI2IiwidCI6IjNlYzkyOTY5LTVhNTEtNGYxOC04YWM5LWVmOThmYmFmYTk3OCJ9
202411,32343,27819,4524,2024,11,Rio de Janeiro,3304557,Mulher,2026-08-30T17:04:40.407676+00:00,https://app.powerbi.com/view?pageName=ReportSectionb52b07ec3b5f3ac6c749&r=eyJrIjoiNWI5NWI0ODEtYmZiYy00Mjg3LTkzNWUtY2UyYjIwMDE1YWI2IiwidCI6IjNlYzkyOTY5LTVhNTEtNGYxOC04YWM5LWVmOThmYmFmYTk3OCJ9
202412,28201,30936,-2735,2024,12,Rio de Janeiro,3304557,Mulher,2026-08-30T17:04:40.407676+00:00,https://app.powerbi.com/view?pageName=ReportSectionb52b07ec3b5f3ac6c749&r=eyJrIjoiNWI5NWI0ODEtYmZiYy00Mjg3LTkzNWUtY2UyYjIwMDE1YWI2IiwidCI6IjNlYzkyOTY5LTVhNTEtNGYxOC04YWM5LWVmOThmYmFmYTk3OCJ9
