ano_teste,codigo_unidade,nome_unidade,demanda_observada,prev_f1_cag_fem,prev_modelo,prev_persistencia,erro_abs_cag_fem
2025,10001,CP ESCOLA COMUNITÁRIA JARDIM DE INFÂNCIA TIA ANASTÁCIA,116,115.2001731619435,119.6119528867241,143.41539038778183,0.7998268380565037
2025,10004,CP ESCOLA COMUNITÁRIA JARDIM BALÃO MÁGICO,38,48.977111632879094,50.87737055494525,59.75641266157579,10.977111632879094
2025,10005,CP CRECHE COMUNITÁRIA JARDIM PEDRA AZUL,26,31.72087697508167,32.966356143963175,37.69250644807087,5.720876975081669
2025,10006,CP CRECHE ESCOLA COMUNITÁRIA ISMÊNIA RIBEIRO,84,84.55008992024112,87.79955681618333,104.80355451414827,0.5500899202411205
2025,10008,CP CRECHE COMUNITÁRIA JARDIM ESPERANÇA,92,70.7232832085773,73.44837173913737,87.3362954284569,21.2767167914227
2025,10009,CP JARDIM ESCOLA ERNESTO FAGUNDES VARELA,68,66.3641639038204,68.92392541263105,81.82031887508069,1.6358360961796024
2025,10010,CP ESCOLA COMUNITÁRIA JARDIM ARCO-ÍRIS,95,80.90848460522885,84.01984773721698,100.20690738633476,14.09151539477115
2025,10011,CP CRECHE PINGUINHO DE GENTE,30,31.720876975081698,32.966356143963175,37.69250644807087,1.7208769750816977
2025,10013,CP ESCOLA COMUNITÁRIA ENCANTO DE MARIA,53,48.25485335619771,50.12771305952725,58.83708323601308,4.745146643802293
2025,10014,CP CRECHE COMUNITÁRIA SÃO JOÃO BATISTA,54,36.733876513715565,38.16961544145805,44.12781242700981,17.266123486284435
2025,10018,CP CRECHE ESCOLA COMUNITÁRIA SÍTIO ALEGRE,244,154.7104357442195,160.62044514490344,193.0591793681679,89.2895642557805
2025,10019,CP ESCOLA COMUNITÁRIA JARDIM ALEXANDRINO,166,138.6034435860128,143.90268221494495,172.8339320057884,27.396556413987213
2025,10020,CP CASA MATERNAL NOSSA SENHORA DE NAZARÉ,112,88.19353455989565,91.58117310147928,109.4002016419618,23.806465440104347
2025,10022,CP ASSOCIAÇÃO DE MORADORES E AMIGOS DO PARQUE ESTORIL - AMAPE,203,154.7104357442195,160.62044514490344,193.0591793681679,48.289564255780505
2025,10023,CP CRECHE ESCOLA SOSSEGO DA MAMÃE,90,86.73594576611752,90.06830785982662,107.5615427908364,3.264054233882476
2025,10024,CP CRECHE COMUNITÁRIA MUNDO ENCANTADO DA CRIANÇA,170,159.83776841614713,165.9422028700973,199.49448534710683,10.162231583852872
2025,10026,CP CRECHE E ESCOLA COMUNITÁRIA GENTE BAIXINHA I,249,175.95863491130442,182.6743585181564,219.71973270948632,73.04136508869558
2025,10027,CP CRECHE CASULO AGOSTINHO - SANTA CRUZ,194,124.7036097513613,129.47576544649894,155.36667292009702,69.2963902486387
2025,10028,CP CRECHE CASULO AGOSTINHO - VERIDIANA,124,115.2001731619435,119.6119528867241,143.41539038778183,8.799826838056504
2025,10029,CP ASSOCIAÇÃO DE MORADORES DAS MORADAS DO IMPÉRIO,65,69.26980252951967,71.93976587894677,85.4976365773315,4.269802529519666
2025,10030,CP INSTITUTO AVELINO - GUARATIBA,93,74.3587758124657,77.22174307072886,91.93294255627043,18.641224187534306
2025,10032,CP CRECHE COMUNITÁRIA MUNDO MÁGICO,150,137.13979446239753,142.3835317177258,170.995273154663,12.860205537602468
2025,10033,CP PROJETO QUEBRA CABEÇA,69,56.93484540128648,59.13696347468956,69.86903634276553,12.06515459871352
2025,10034,CP OS BENEDITINHOS,134,120.31663424757679,124.92243377986205,149.8506963667208,13.683365752423214
2025,10035,CP ESCOLA COMUNITÁRIA JARDIM DE INFÂNCIA CHAVE DO TAMANHO,139,55.48637820432478,57.63355439706991,68.03037749164012,83.51362179567522
2025,10036,CP CAAD DONA ZULMIRA TELLES,157,151.78101772587092,157.5799452666911,189.38186166591709,5.2189822741290754
2025,10037,CP CAAD - COMITÊ DE ATENDIMENTO À CRIANÇA E AO ADOLESCENTE,71,61.283953350917784,63.651032199515,75.38501289614175,9.716046649082216
2025,10039,CP FUNDAÇÃO KLINGNER PARA O DESENVOLVIMENTO SOCIAL,243,206.75702397654797,214.64058477011005,258.3315685831199,36.24297602345203
2025,1004,CP CRECHE CANTINHO FELIZ DE SANTA TERESA,136,117.39271204084844,121.88763455336822,146.17337866447,18.607287959151563
2025,10040,CP CICIM I,219,161.3029117467172,167.46290335891553,201.33314419823225,57.6970882532828
2025,10041,CP CRECHE BEZERRA DE MENEZES - SANTA CRUZ,173,113.73867961156162,118.09503820955364,141.57673153665647,59.26132038843838
2025,10042,CP CICIM II,179,135.67625862574747,140.8644987316074,169.1566143035376,43.323741374252535
2025,10043,CP CRECHE CANTINHO CASLU,168,126.89756444078661,131.75291559734308,158.12466119678513,41.10243555921339
2025,10044,CP CRECHE COMUNITÁRIA MAGIA DA CRIANÇA,93,96.21488991097274,99.9067195994734,119.51282532315156,3.214889910972744
2025,10045,CP ESPAÇO CRIATIVO ERA UMA VEZ,73,72.90428180639289,75.71208666111399,90.09428370514502,0.09571819360711231
2025,10046,CP CRECHE COMUNITÁRIA DEUS É FIEL - CCDF,191,177.42460762349893,184.1959194090236,221.5583915606117,13.575392376501071
2025,10047,CP CENTRO CULTURAL MONTESSORI - SANTA CRUZ,194,200.15525294921065,207.78848362516177,250.0576037530556,6.155252949210649
2025,1005,CP CASA MATERNAL CORAÇÃO DE MÃE,48,32.43569330961425,33.70830538209262,38.61183587363358,15.564306690385749
2025,10051,CP CRECHE COMUNITÁRIA DEUS É FIEL - UNIDADE VI,244,214.09351535756994,222.25526535666228,267.52486283874697,29.90648464243006
2025,10052,CP CRECHE COMUNITÁRIA DEUS É FIEL - UNIDADE VII,493,416.8772200463337,432.7281359200449,521.2597842940534,76.12277995366628
2025,10053,CP CRECHE COMUNITÁRIA GÊNIO DO FUTURO,311,269.8843325342593,280.1615772749654,337.3938991815125,41.11566746574073
2025,10054,CP CRECHE COMUNITÁRIA AQUARELA DO SABER,51,84.55008992024112,87.79955681618333,104.80355451414827,33.55008992024112
2025,10055,CP ESPAÇO DE DESENVOLVIMENTO MÃE GAIA,140,59.83366240258313,62.14573285631344,73.54635404501634,80.16633759741687
2025,10056,CP CRECHE MUNDO DA BIBI,100,72.90428180639294,75.71208666111399,90.09428370514502,27.095718193607055
2025,10057,CP CENTRO CULTURAL MONTESSORI - PACIÊNCIA,358,259.6032490563473,269.4906536174052,324.5232872236346,98.3967509436527
2025,10058,CP CRECHE ESCOLA COMUNITÁRIA MALLETZINHO,261,156.90773425584456,162.90106383013628,195.81716764485603,104.09226574415544
2025,10059,CP CRECHE COMUNITÁRIA PLANETA BEBÊ,95,80.18039850683797,83.26414955019312,99.28757796077208,14.819601493162025
2025,1006,CP CRECHE DO TUIUTI,233,213.35981216722033,221.49374121848624,266.6055334131842,19.640187832779674
2025,10060,CP CRECHE COMUNITÁRIA JARDIM DO CONHECIMENTO,83,69.99648963001323,72.69401361592053,86.4169660028942,13.00351036998677
2025,10061,CP CRECHE COMUNITÁRIA ESTRELA DO AMANHÃ,113,128.36036663729075,133.27118760614758,159.96332004791054,15.360366637290753
2025,10062,CP CENTRO CULTURAL DE DESENVOLVIMENTO INFANTIL JOÃO BATISTA,79,83.8216166963473,87.04345722640339,103.88422508858558,4.821616696347306
2025,10063,CP CRECHE COMUNITÁRIA UNIVERSO INFANTIL,313,237.57779894282888,246.6300362171844,296.9434044567535,75.42220105717112
2025,10064,CP CRECHE COMUNITÁRIA CORAÇÃO DE MÃE,269,207.49061805511235,215.40199570438452,259.2508980086826,61.50938194488765
2025,10065,CP CRECHE MAGIA DA CRIANÇA II,94,123.97235935366392,128.71678575358726,154.44734349453432,29.97235935366392
2025,10066,CP CRECHE COMUNITÁRIA ARTE & CULTURA,219,154.7104357442195,160.62044514490344,193.0591793681679,64.2895642557805
2025,10067,CP CRECHE COMUNITÁRIA ARCA DE NOÉ,117,100.59316208613433,104.45102479229791,125.0288018765278,16.406837913865672
2025,10068,CP CRECHE COMUNITÁRIA TIA NEIDE - GUARATIBA,152,84.55008992024112,87.79955681618333,104.80355451414827,67.44991007975888
2025,10069,CP CRECHE E ESCOLA COMUNITÁRIA GENTE BAIXINHA II,411,338.9474497391861,351.84343349720695,423.8108651844067,72.05255026081392
2025,1007,CP EDUCANDÁRIO NOSSA SENHORA DE NAZARÉ,78,91.83867202833952,95.36454475954048,113.99684876977534,13.838672028339516
2025,10070,CP PEDACINHO DO CÉU,121,115.93098014375047,120.3704726696886,144.33471981334458,5.0690198562495254
2025,10071,CP CRECHE COMUNITÁRIA ARTE & CULTURA - UNIDADE I,251,135.67625862574747,140.8644987316074,169.1566143035376,115.32374137425253
2025,10072,CP CRECHE COMUNITÁRIA DEUS É FIEL - UNIDADE X,219,173.02689807946766,179.63145313508195,216.04241500723552,45.97310192053234
2025,10073,CP NINHO CARIOCA,435,315.4309296868377,327.43521438607576,394.39232356640014,119.56907031316229
2025,10074,CP CRECHE MUNDO MÁGICO II,201,155.44284654935882,161.38062851810665,193.9785087937306,45.55715345064118
2025,10075,CP CRECHE COMUNITÁRIA PEDACINHO DE CÉU,153,154.7104357442195,160.62044514490344,193.0591793681679,1.7104357442194953
2025,10076,CP ESPAÇO DE DESENVOLVIMENTO MÃE GAIA - UNIDADE I,73,32.43569330961425,33.70830538209268,38.61183587363358,40.56430669038575
2025,10077,CP CRECHE COMUNITÁRIA CANTINHO DO SABER,40,46.0894239111481,47.880134618727766,56.07909495932496,6.089423911148103
2025,10078,CP CRECHE COMUNITÁRIA CRIANÇA FELIZ,72,56.21053009607304,58.38517425341227,68.94970691720282,15.789469903926957
2025,10079,CP CRECHE COMUNITÁRIA DEUS É FIEL - UNIDADE VIII,100,117.39271204084844,121.88763455336822,146.17337866447,17.392712040848437
2025,10080,CP ASSOCIAÇÃO CENTRO EDUCACIONAL REBRAL XII (GUARATIBA),154,84.55008992024105,87.79955681618333,104.80355451414827,69.44991007975895
2025,10081,CP CENTRO EDUCACIONAL ESTRELA DO AMANHÃ,228,230.23781489829395,239.01173190699276,287.75011020112646,2.237814898293948
2025,10082,CP CRECHE ESCOLA BAIXINHOS SABIDOS,70,70.7232832085773,73.44837173913737,87.3362954284569,0.7232832085772998
2025,10083,CP CRECHE COMUNITÁRIA CRISTÃ CORDEIRINHO DE CRISTO,116,227.30210161758288,235.96470104428184,284.07279249887563,111.30210161758288
2025,10084,CP CRECHE COMUNITÁRIA AQUARELA DO SABER (GUARATIBA),284,200.88873078436032,208.5497739579808,250.9769331786183,83.11126921563968
2025,10085,CP CRECHE VIDA,50,72.90428180639289,75.71208666111399,90.09428370514502,22.904281806392888
2025,1009,CP CRECHE COMUNITÁRIA ANITA WAY,179,156.90773425584456,162.90106383013628,195.81716764485603,22.09226574415544
2025,1010,CP CENTRO CULTURAL MONTESSORI - SÃO CRISTÓVÃO,465,351.44260310484816,364.8123773793261,439.4394654189727,113.55739689515184
2025,101601,CM LADEIRA DOS FUNCIONÁRIOS,122,88.73417499317962,99.05270601430966,97.44891910964664,33.26582500682038
2025,101602,CM VIRGÍNIA LEMOS,58,54.335804800255396,60.65146965327913,61.5950715127012,3.6641951997446043
2025,101603,CM SENNINHA,255,205.99280060188644,229.9564998734641,273.9601688176859,49.007199398113556
2025,101604,CM SEMPRE VIDA P. CONQUISTA,68,49.92233767712104,55.724417730597246,66.19171864051471,18.077662322878957
2025,101605,CM CLEMENTE FERREIRA,199,162.51826371355276,181.4229102633968,214.2037561561101,36.481736286447244
2025,101606,CM QUINTA DO CAJU,143,115.42602013500623,128.85062975279402,162.72130832459865,27.573979864993774
2025,101607,CM TIA DORA,259,214.53089557357413,239.4881575123699,331.8779226281363,44.46910442642587
2025,101801,EDI PARQUE DA ALEGRIA,271,225.28305211301023,251.4915230913581,310.73334584019403,45.71694788698977
2025,101802,EDI MACHADO DE ASSIS,152,113.84623807991225,127.08701145015164,189.38186166591709,38.153761920087746
2025,101803,EDI ANTÔNIO RAPOSO TAVARES,38,42.675442817259885,47.634219877989175,52.401777257074144,4.675442817259885
2025,1019601,CM SEMPRE VIDA VALE DO SOL,29,43.77787896475043,48.86494364419754,36.77317702250817,14.777878964750428
2025,1019602,CM SEMPRE VIDA ANTARES,151,152.56056187768195,170.3064489542671,160.88264947347324,1.5605618776819483
2025,1019603,CM JARDIM DOS VIEIRAS,137,105.00025707114217,117.21164047974018,137.89941383440564,31.999742928857827
2025,1019604,CM AYRTON SENNA,63,58.27760587679057,65.0519691841677,74.46568347057905,4.722394123209433
2025,1019605,CM MARLENE DA SILVA CARDOSO,57,54.17815517865762,60.475474708510696,79.06233059839256,2.8218448213423812
2025,1019606,CM TRINTA E UM DE OUTUBRO,124,88.89206721919201,99.22897184727682,110.31953106752452,35.107932780807985
2025,1019607,CM ADALTO BASTOS,221,139.75916765067294,156.0153801254039,193.9785087937306,81.24083234932706
2025,1019609,CM CANTINHO DA TIA DOLORES,76,120.00761174612748,133.965372535743,152.6086846434089,44.00761174612748
2025,1019610,CM CHAVE DO TAMANHO,56,83.36626009127734,93.06013751214626,45.04714185257251,27.36626009127734
2025,1019611,CM CRIANÇA FELIZ,51,45.82561571080186,51.15097029078287,67.11104806607742,5.174384289198137
2025,1019612,CM DANIELA PEREZ,305,283.32054117800874,316.28273040919424,314.41066354244487,21.67945882199126
2025,1019613,CM DJANIRA MARIA RAMOS,128,85.57647644688778,95.52755233989208,102.04556623746018,42.42352355311222
2025,1019614,CM INSPETOR HERALDO CARVALHO DE SOUSA,240,175.16411691857584,195.5403382824675,246.3802860508048,64.83588308142416
2025,1019615,CM MARCOLINA,44,45.03797189698657,50.27167035888544,68.03037749164012,1.0379718969865692
2025,1019616,CM MARIA HELENA PAPERA MONTEIRO,60,51.18316953916169,57.13196958949748,85.4976365773315,8.816830460838311
2025,1019618,CM LEUZA MARINS NOVAES S. SANTOS,75,76.42088744021595,85.30654587081712,98.36824853520936,1.4208874402159495
2025,1019619,CM SANTA TEREZINHA,41,58.43529924481879,65.22801297735225,61.5950715127012,17.435299244818793
2025,1019620,CM SEMENTINHA DO AMOR,68,81.31405123485881,90.7691172249298,74.46568347057905,13.314051234858809
2025,1019621,CM SEMPRE VIDA ESTRELA DO ALAGADO,48,80.99833875510511,90.41666591890808,57.91775381045038,32.99833875510511
2025,1019623,CM SEMPRE VIDA TERRA DA PAZ,243,182.43600100809377,203.6584382703521,237.18699179517773,60.56399899190623
2025,1019624,CM ZACARIAS - O TRAPALHÃO,27,55.124079758088584,61.53147435857699,23.902565064630316,28.124079758088584
2025,1019625,CM NARIZINHO,41,40.4710067281939,45.17325946128965,56.07909495932496,0.528993271806101
2025,1019626,CM PEDRINHO,52,39.369022649442165,43.94304052782617,45.96647127813522,12.630977350557835
2025,1019627,CM VOVÓ BENTA,104,62.6935841303906,69.98182510492992,115.83550762090076,41.3064158696094
2025,1019628,CM IRINÉA DOS SANTOS PAIVA,77,110.68679917543402,123.55991463665858,116.75483704646346,33.68679917543402
2025,1019630,CM ESTRELA DALVA,69,59.381491940244544,66.28431201223694,81.82031887508069,9.618508059755456
2025,1019631,CM TIA HILDA MACEDO,147,147.97715867424148,165.18968356691778,112.15818991864992,0.9771586742414797
2025,1019632,CM MIRIAM PIRES,326,259.9144410085021,290.1529043696246,306.1366987123805,66.08555899149792
2025,1019633,CM MERILUCE DE OLIVEIRA MÜLLER,44,62.22038993572932,69.45356633082098,47.80513012926063,18.220389935729322
2025,1019801,EDI SARGENTO IZO GOMES PATRÍCIO,217,211.84293875186873,236.48740801495308,223.39705041173715,5.157061248131271
2025,1019802,EDI LARISSA DOS SANTOS ATANAZIO,120,90.94472691007884,101.52049550814472,93.77160140739583,29.055273089921158
2025,1019803,EDI LARYSSA SILVA MARTINS,189,181.32938723447415,202.42304986686983,206.84912075160847,7.670612765525846
2025,1019804,EDI PROFESSORA MARIA LUIZA JOBIM DE QUEIROZ,55,51.02555831395922,56.95601751982585,57.91775381045038,3.9744416860407767
2025,1019806,EDI PROFESSOR RUBEM GONÇALVES,64,77.5257223523388,86.53994817019353,96.52958968408394,13.525722352338803
2025,1019807,EDI PROFESSOR ANTONIO ALFREDO MERCADANTE,107,80.20907187148933,89.53555363810025,100.20690738633476,26.79092812851067
2025,1019808,EDI GEÓGRAFO AZIZ AB' SABER,82,73.73790623782848,82.31135164972882,73.54635404501634,8.262093762171517
2025,1019809,EDI PROFESSORA CARMEN FRAGA DE ARAÚJO,48,67.74171410924264,75.617395156574,50.563118405948735,19.741714109242636
2025,1019810,EDI PROFESSORA ROSELE NICOLAU JORGE COUTINHO,51,36.22145434486624,40.42919872061272,35.853847596945464,14.778545655133762
2025,1019811,EDI PROFESSORA RAQUEL KELLY LANERA,55,36.5361428529266,40.78050660195154,39.53116529919628,18.463857147073398
2025,1019815,EDI JOÃO CORRÊA,92,94.5766204872744,105.57502543806068,92.85227198183313,2.576620487274397
2025,1019818,EDI RENÉE BISCAIA RAPOSO,41,85.41859901408105,95.35130302406247,98.36824853520936,44.41859901408105
2025,1019820,EDI INAIÁ WANDERLEY CARMO,54,89.36574794989636,99.75777387110983,113.99684876977534,35.36574794989636
2025,1019821,EDI PROFESSORA SOLANGE INÁCIA DE SÁ DE LACERDA,120,166.78610323887685,186.18739045855492,148.9313669411581,46.78610323887685
2025,1019822,EDI PROFESSORA KATIA MIRANDA SANTOS,36,134.3862623963361,150.0172398639069,130.544778429904,98.3862623963361
2025,1019824,EDI PROFESSORA LILIA CHAVES DA COSTA,26,105.31616016352505,117.564304609951,44.12781242700981,79.31616016352505
2025,1019826,EDI THAMIRIS DE ANDRADE DA SILVA SANTOS,140,147.97715867424148,165.18968356691792,135.14142555771753,7.97715867424148
2025,1019827,EDI MEDALHISTA OLÍMPICA POLIANA OKIMOTO,200,199.82662665594103,223.0727794356063,235.34833294405232,0.1733733440589731
2025,1019828,EDI MEDALHISTA OLÍMPICO ERLON DE SOUZA SILVA,171,176.27068482736692,196.77567548016444,194.8978382192933,5.270684827366921
2025,1019829,EDI ERASMO CARLOS,94,84.55008992024112,87.79955681618333,104.80355451414827,9.44991007975888
2025,1019830,EDI GAL COSTA,109,102.05301219610949,105.96623502895486,126.8674607276532,6.946987803890508
2025,1019831,EDI PROFESSORA MARIA MESQUITA DE SIQUEIRA,218,220.85563147866677,246.54889150899763,282.23413364775024,2.8556314786667656
2025,102601,CM SEMPRE VIDA SANTO ANTÔNIO DE PÁDUA,142,132.17398791966903,147.5475271251038,204.0911324749204,9.826012080330969
2025,102602,CM ANA MARIA DA CRUZ SILVA,249,246.94692876613942,275.67638604103786,331.8779226281363,2.053071233860578
2025,102604,CM ARCO-ÍRIS,292,269.8776523898404,301.2755167679521,341.07121688376327,22.12234761015958
2025,102605,CM ALDEIA DOS CURUMINS,281,278.8922396751044,311.3391154013865,338.3132286070752,2.107760324895594
2025,102606,CM GEORGE SAVALLA GOMES - PALHAÇO CAREQUINHA,279,261.65402725075677,292.0949231377997,365.8931113739563,17.34597274924323
2025,1026601,CM SONHO DE CRIANÇA,248,245.99810894904908,274.61715376896655,303.3787104356924,2.001891050950917
2025,1026602,CM NOSSA SENHORA DA GLÓRIA,118,139.2850746398129,155.48611778985082,146.17337866447,21.285074639812905
2025,1026603,CM SEMPRE VIDA COLÔNIA DOS PESCADORES,116,135.0183515934298,150.72288410524644,113.99684876977534,19.0183515934298
2025,1026604,CM JOSEPHA FERREIRA DA COSTA,319,272.72433899520513,304.45346718463645,364.0544525228309,46.27566100479487
2025,1026801,EDI SAMIRA PIRES RIBEIRO,36,120.16560338707515,134.1417493665746,95.61026025852124,84.16560338707515
2025,1026802,EDI PROFESSOR MARCOS FLAMÍNIO PORTUGAL PINTO,387,377.1158934465724,420.99288011023566,364.0544525228309,9.884106553427614
2025,1026803,EDI PADRE CARLOS HENRIQUE DE SOUZA,99,113.05636248512991,126.20521952945082,106.6422133652737,14.05636248512991
2025,1026805,EDI MEDALHISTA OLÍMPICO IZAQUIAS QUEIROZ DOS SANTOS,330,312.26387862187124,348.5941521907166,350.2645111393903,17.736121378128757
2025,1026806,EDI MEDALHISTA OLÍMPICO FELIPE ALMEIDA WU,253,250.42596172441608,279.560267806721,248.2189449019302,2.5740382755839164
2025,1026807,EDI ALFREDO FERNANDO VAZ GUIMARÃES JÚNIOR,379,332.6676931124242,371.3723220818683,368.6510996506444,46.33230688757578
2025,1026809,EDI MEDALHISTA PARALÍMPICO RICARDO COSTA DE OLIVEIRA,238,214.21466359175392,239.1351261864285,236.26766236961504,23.78533640824608
2025,1026810,EDI ALCEBÍADES FRANCISCO ROSA,331,341.8417710421822,381.6139710647415,316.24932239357025,10.841771042182188
2025,1026811,EDI GERMANO THOMÉ DE OLIVEIRA,43,164.73119952837175,183.89336136482092,132.38343728102942,121.73119952837175
2025,102802,EDI CAMPOS SALLES,31,47.873780494379936,53.437474920273694,47.80513012926063,16.873780494379936
2025,102803,EDI RACHEL DE QUEIROZ,53,65.0597347344205,72.62331955073292,61.5950715127012,12.059734734420502
2025,103601,CM ESPAÇO LIVRE DA CRIANÇA,51,41.25823588466536,46.05209634342867,56.07909495932496,9.74176411533464
2025,103602,CM DIREITOS HUMANOS,87,70.8974127386187,79.1403158103053,83.65897772620609,16.102587261381302
2025,103604,CM SONHO INFANTIL,107,87.31317582640898,97.46634798201616,142.49606096221916,19.68682417359102
2025,103605,CM BRINCADEIRAS DE CRIANÇA,123,121.42954979635076,135.55277884209542,160.88264947347324,1.5704502036492443
2025,103606,CM CAMPOS DA PAZ,102,120.48158778156794,134.494504270441,140.65740211109377,18.48158778156794
2025,103607,CM ESTÁCIO DE SÁ,227,230.9755716131536,257.84647081898856,284.07279249887563,3.9755716131535905
2025,103801,EDI PROFESSORA SIMONE SOUSA PIMENTEL,134,120.48158778156794,134.494504270441,187.54320281479167,13.518412218432061
2025,103802,EDI LILY MARINHO,175,183.2264442635364,204.54086396854345,227.074368113988,8.226444263536393
2025,103804,EDI ZÉLIA GATTAI AMADO,73,61.74720813984563,68.92532140120822,71.70769519389093,11.252791860154367
2025,103805,EDI BEATRIZ VICÊNCIA BANDEIRA RYFF,86,117.00584241483377,130.61429296613375,139.73807268553105,31.005842414833765
2025,103806,EDI FUNDAÇÃO LEÃO XIII,19,12.08373580202588,13.48269731299592,7.354635404501635,6.916264197974121
2025,103807,EDI MARIA LUIZA NOBRE - TIA LUIZINHA,232,199.19420991902822,222.36676950948151,275.79882766881127,32.805790080971775
2025,107601,CM ADALBERTO ISMAEL DE SOUZA,67,51.81363462956797,57.835800412910544,52.401777257074144,15.186365370432028
2025,107602,CM DEPUTADO LUIZ EDUARDO DE MAGALHÃES,188,166.1538216630602,185.48153143286137,223.39705041173715,21.8461783369398
2025,107603,CM VOVÓ LUCÍOLA,130,112.42446954801544,125.49979440984016,133.3027667065921,17.575530451984562
2025,107604,CM HOMERO JOSÉ DOS SANTOS,174,157.14415906107004,175.4234309132386,207.7684501771712,16.85584093892996
2025,107605,CM EDUARDO MOREIRA DOS SANTOS,152,136.44056943067125,152.31060278888262,174.6725908569138,15.559430569328754
2025,107606,CM FRANCISCO ALVES,154,117.9537546411679,131.67251194945314,130.544778429904,36.046245358832095
2025,107607,CM NAÇÃO MANGUEIRENSE,175,178.64193015211418,199.4228582999906,210.52643845385927,3.6419301521141847
2025,107608,CM SAMORA MACHEL,138,99.3143454552634,110.86407026771138,171.9146025802257,38.68565454473659
2025,107609,CM VASQUINHO,239,197.77128020126213,220.7782560405681,222.47772098617443,41.22871979873787
2025,107610,CM ARARA AZUL,335,268.77061402977426,300.0396543410739,326.36194607476,66.22938597022574
2025,107801,EDI PROFESSORA DAYSE MALAGOLE,48,57.01611614554941,63.643682723793845,36.77317702250817,9.016116145549411
2025,107802,EDI MORRO DOS TELÉGRAFOS,16,20.672908618584767,23.07132841455427,12.87061195787786,4.672908618584767
2025,107803,EDI DOIS DE JULHO,45,35.12017353942421,39.19976516880679,42.2891535758844,9.879826460575792
2025,11001,CP CRECHE COMUNITÁRIA ALEGRIA DA CRIANÇA,118,121.04770762624038,125.68122986629658,150.7700257922835,3.0477076262403813
2025,11003,CP AMIG - ASSOCIAÇÃO DOS MORADORES DA ILHA DO GOVERNADOR,215,167.16429221592375,173.54654263601302,208.68777960273388,47.83570778407625
2025,11004,CP CENTRO DE ATIVIDADES EDUCACIONAIS E CULTURAIS ARCA DE NOÉ - CAECAN,237,193.5545668087913,200.93750803173475,241.7836389229913,43.44543319120871
2025,11006,CP CRECHE CASULO DO DENDÊ,391,305.14415215682465,316.7583825122853,381.5217116085223,85.85584784317535
2025,11007,CP CRECHE ESFERA KIDS,135,123.97235935366392,128.71678575358726,154.44734349453432,11.027640646336081
2025,11008,CP FILIAL BANCÁRIOS - RJ,213,179.62369387835128,186.4783926923257,224.31637983729985,33.376306121648724
2025,11009,CP CRECHE COMUNITÁRIA IRMÃ MOROCHA (CCIM),147,124.7036097513613,129.47576544649894,155.36667292009702,22.2963902486387
2025,11010,CP CHALÉ SEMENTINHA (ILHA DO GOVERNADOR),54,157.64021075034677,163.6613153470296,196.73649707041872,103.64021075034677
2025,1120201,CIEP OLGA BENÁRIO PRESTES,34,27.103901394940273,30.25066673389888,34.01518874582006,6.896098605059727
2025,1120601,CM STELLA MARIS,289,238.56579965387166,266.31996002021043,362.2157936717055,50.434200346128335
2025,1120602,CM CORA CORALINA,274,275.4128978570729,307.454888817259,310.73334584019403,1.4128978570728918
2025,1120603,CM DOUTOR ANTÔNIO MONTEIRO,294,236.8263526656089,264.37809671895315,323.6039577980719,57.17364733439109
2025,1120604,CM MARIA ARMINDA F. SOUZA AGUIAR,194,213.10785535247877,237.89952067320684,239.94498007186584,19.107855352478765
2025,1120605,CM SEMPRE VIDA LORETO,264,212.63351073518092,237.36997743042275,323.6039577980719,51.36648926481908
2025,1120606,CM TAUÁ,364,288.53967810577075,322.1092089455688,378.76372333183417,75.46032189422925
2025,1120801,EDI JOSÉ DE SOUZA RAMOS,135,139.60113637161106,155.83895903936298,162.72130832459865,4.601136371611062
2025,1120802,EDI NEUSA MARIA GOULART BRIZOLA,197,210.89425632436908,235.42832912907969,242.70296834855395,13.894256324369081
2025,1120804,EDI PROFESSORA ANNA MARIA JESUS CONCEICAO,178,206.30901994123286,230.3095170848703,225.23570926286257,28.30901994123286
2025,121001,EM JOAQUIM MANUEL DE MACEDO,56,27.57501839692729,30.776605808803943,38.61183587363358,28.42498160307271
2025,123601,CM JOSÉ MARINHO DE OLIVEIRA,130,87.94472410320255,98.17138828286495,123.1901430254024,42.055275896797454
2025,123603,CM FALLET,92,74.05353673559935,82.6637114182487,85.4976365773315,17.94646326440065
2025,123801,EDI HELOÍSA MARINHO,14,16.29248017548954,18.18117676129044,20.22524736237949,2.2924801754895405
2025,2001,CP CRECHE ESPAÇO SEMENTE,62,62.009307560018314,64.40389823181044,76.30434232170445,0.00930756001831412
2025,2002,CP EDUCANDÁRIO CASA DE JACIRA,38,27.44315592054761,28.52623162430274,32.17652989469465,10.55684407945239
2025,2003,CP CENTRO COMUNITÁRIO DA RUA UM UNIÃO FAZ A FORÇA,135,38.8882065446787,40.40569553712064,46.88580070369792,96.1117934553213
2025,2004,CP AÇÃO SOCIAL PADRE ANCHIETA - ASPA,293,287.5123618952157,298.4580287133137,359.4578053950174,5.48763810478431
2025,2005,CP ESCOLA COMUNITÁRIA DO CANTAGALO,61,72.17718133528065,74.95741037392285,89.17495427958231,11.17718133528065
2025,2006,CP CRECHE PRÉ-ESCOLA COMUNITÁRIA DOIS IRMÃOS,73,70.7232832085773,73.44837173913737,87.3362954284569,2.2767167914227002
2025,2009,CP ABRIGO TERESA DE JESUS,137,128.36036663729075,133.27118760614758,159.96332004791054,8.639633362709247
2025,2010,CP CRECHE PATINHO FELIZ,141,176.69161269541593,183.4351300707877,220.63906213504904,35.69161269541593
2025,2011,CP SOCIEDADE CIVIL DE ASSISTÊNCIA A MENORES - CASA DA DINDA,80,105.70351366590609,109.755169305876,131.46410785546672,25.703513665906087
2025,2012,CP GRUPO COMUNITÁRIO CRECHE ESCOLA TIA MAURA,107,80.18039850683797,83.26414955019305,99.28757796077208,26.819601493162025
2025,2013,CP CENTRO DE EDUCAÇÃO INFANTIL CRISTO REDENTOR,57,56.21053009607304,58.38517425341233,68.94970691720282,0.7894699039269568
2025,2014,CP CRUZADA PELA INFÂNCIA DO LEME,114,86.00725566889915,89.3119833908732,106.6422133652737,27.99274433110085
2025,2015,CP CRECHE SANT ANNA,127,112.27735002899789,116.57829359327764,139.73807268553105,14.722649971002113
2025,2016,CP CASA MATERNAL MELLO MATTOS,184,153.24568126879169,159.10014804127903,191.2205205170425,30.754318731208315
2025,2018,CP FUNDAÇÃO CASA SANTA IGNEZ,84,94.02651248294124,97.63535375729472,116.75483704646346,10.026512482941243
2025,2019,CP UNIDAS - OBRAS SOCIAIS UNIDAS DE SANTA MARTA,45,47.532814914727496,49.3782833541845,57.91775381045038,2.5328149147274956
2025,2020,CP CASA ESPÍRITA CRISTÃ MARIA DE NAZARÉ,104,110.08567241271031,114.30350519361473,136.98008440884294,6.085672412710309
2025,2022,CP CRECHE CHAPEUZINHO MARROM,49,50.42226297447405,52.37734332446863,61.5950715127012,1.4222629744740516
2025,2024,CP CRECHE ESCADINHA DO SABER,11,14.794678561750775,15.396897571158664,15.628600234565974,3.794678561750775
2025,2025,CP CRECHE BEZERRA DE MENEZES - BOTAFOGO,238,280.16686575460676,290.83400517659,350.2645111393903,42.16686575460676
2025,2026,CP CRECHE MONSENHOR FRANCA,63,64.91204398461065,67.41673020480314,79.98166002395527,1.9120439846106478
2025,2028,CP OBRAS SOCIAIS PADRE ALEIXO,155,132.01793080768687,137.06744711720418,164.55996717572407,22.982069192313133
2025,2029,CP CASA DA CRIANÇA,416,373.4959034136399,387.701892728914,467.01934818585386,42.504096586360106
2025,2031,CP CENTRO COMUNITÁRIO ALEGRIA DAS CRIANÇAS,86,57.659320094770045,59.88891789201324,70.78836576832823,28.340679905229955
2025,2032,CP PATRONATO OPERÁRIO DA GÁVEA,71,54.03858153715331,56.13084025698442,66.19171864051471,16.961418462846687
2025,2034,CP CENTRO SOCIAL DA MULHER UÊGA,76,69.26980252951967,71.9397658789469,85.4976365773315,6.730197470480334
2025,2035,CP CENTRO SOCIAL E AÍ COMO É QUE FICA ?,82,74.35877581246562,77.22174307072879,91.93294255627043,7.641224187534377
2025,2036,CP CRECHE BERÇÁRIO MARIA HELENA DA ROCINHA,177,154.7104357442195,160.62044514490344,193.0591793681679,22.289564255780505
2025,2037,CP CRECHE COMUNITÁRIA CANTINHO DA NATUREZA,176,160.57032971937073,166.702542365136,200.41381477266955,15.429670280629267
2025,2038,CP CRECHE CHÁCARA DO CÉU,45,67.09040241746496,69.67770811200612,82.73964830064338,22.090402417464958
2025,2039,CP CRECHE ESCOLA MENINOS DE LUZ,268,245.65287971549014,255.01131052514188,307.05602813794326,22.347120284509856
2025,2040,CP CRECHE MARIA MARIA,123,94.75591316973532,98.3924150850714,117.67416647202616,28.244086830264678
2025,2041,CP CRECHE E PRÉ-ESCOLA COMUNITÁRIA DO 199 PINGO DE GENTE,80,31.72087697508164,32.9663561439632,37.69250644807087,48.27912302491836
2025,2042,CP CRECHE SANTA CLARA,133,109.35519988920748,113.54533229493391,136.06075498328025,23.644800110792517
2025,2043,CP CRECHE SANTA MÔNICA,124,142.2630467509528,147.70105672959394,177.43057913360192,18.26304675095281
2025,2044,CP CRECHE SÃO COSME E SÃO DAMIÃO,89,76.54122187124464,79.48695866380045,94.69093083295854,12.458778128755355
2025,2045,CP CREI - CENTRO DE RECUPERAÇÃO INFANTIL,63,40.32611590153684,41.898165382714936,48.724459554823326,22.673884098463162
2025,2046,CP ESPAÇO SANTA TEREZINHA - EST,207,208.22422459706758,216.16341956940465,260.1702274342453,1.2242245970675754
2025,204601,CM TIA AMÁLIA,58,68.68837673753876,76.67421891758237,69.86903634276553,10.68837673753876
2025,204602,CM ARACY GUIMARÃES ROSA,587,390.2453277719082,435.6501632848485,607.6767502969475,196.7546722280918
2025,2047,CP GRUPO COMUNITÁRIO MORRO DA ALEGRIA,66,66.36416390382034,68.92392541263105,81.82031887508069,0.3641639038203408
2025,2048,CP LAR CANTINHO FELIZ,212,236.84375669322665,245.8681602947833,296.0240750311908,24.843756693226652
2025,204804,EDI PROFESSORA SARITA KONDER,30,72.63323066529401,81.07812726290209,45.04714185257251,42.63323066529401
2025,204805,EDI CLAUDIO CAVALCANTI,188,154.77330942317303,172.77668986044912,170.0759437291003,33.22669057682697
2025,204806,EDI IRMA MARGARITA ALARCON,133,159.67311920825833,178.24668150969592,159.96332004791054,26.673119208258328
2025,2049,CP OBRA DO BERÇO,285,244.91873581937602,254.24932913877552,306.1366987123805,40.081264180623975
2025,2052,CP CRECHE CASA SANTA MARTA,137,130.55481113920735,135.54884581051442,162.72130832459865,6.445188860792655
2025,2053,CP CRECHE ESPERANÇA,184,177.42460762349893,184.1959194090236,221.5583915606117,6.575392376501071
2025,2054,CP UNIÃO DE MULHERES PRO-MELHORAMENTO DA ROUPA SUJA,78,74.35877581246562,77.22174307072886,91.93294255627043,3.6412241875343767
2025,2055,CP CRECHE CASA DO POBRE DE NOSSA SENHORA DE COPACABANA,136,85.27863665409059,88.5557326289228,105.722883939711,50.72136334590941
2025,2056,CP CRECHE SANTA CLARA DE ASSIS NA PROVIDÊNCIA DE DEUS,70,76.54122187124464,79.48695866380031,94.69093083295854,6.541221871244645
2025,205601,CM IRMÃS BAPTISTA,425,368.7321730385037,411.6335611202257,516.6631371662398,56.267826961496326
2025,205602,CM TIA SONIA CRISPINIANO,181,170.57985672766273,190.4226161036836,230.7516858162388,10.42014327233727
2025,2057,CP CENTRO EDUCACIONAL ESPERANÇA,37,27.443155920547635,28.52623162430274,32.17652989469465,9.556844079452365
2025,2058,CP NASCEER - NÚCLEO DE ASSIST. SOCIAL CULTURAL EDUC. ECOLÓGICO DA ROCINHA,82,51.86822202624032,53.87815308838196,63.433730363826605,30.131777973759682
2025,205801,EDI DONA MARCELA,90,116.84785840774681,130.43792465844143,98.36824853520936,26.847858407746813
2025,2060,CP ASSOCIAÇÃO CENTRO EDUCACIONAL REBRAL - ROCINHA,138,64.1861678027724,66.66332310808603,79.06233059839256,73.8138321972276
2025,2061,CP CRECHE INSTITUTO MACINTYRE,60,64.91204398461065,67.41673020480314,79.98166002395527,4.912043984610648
2025,2062,CP CENTRO EDUCACIONAL ROUPA FELIZ,13,23.189083141244467,24.110581762655357,26.660553341318423,10.189083141244467
2025,2063,CP CRECHE ANJOS DO BEM,66,60.558737216657335,62.8983092871192,74.46568347057905,5.441262783342665
2025,206601,CM DOUTOR SOBRAL PINTO,74,74.05353673559928,82.6637114182487,33.095859320257354,0.053536735599280405
2025,206602,CM VIDIGAL,139,127.59161311799623,142.4319099205648,168.23728487797487,11.408386882003768
2025,206603,CM JACÓ INÁCIO GOMES,88,147.97715867424148,165.18968356691778,111.23886049308722,59.97715867424148
2025,206605,CM DOUTOR PEDRO BLOCH,121,156.98610088080252,175.2469797928903,167.31795545241218,35.986100880802525
2025,206606,CM ELZA MACHADO DOS SANTOS - TIA ELZA,196,174.68987614757813,195.0109109782937,240.86430949742856,21.310123852421867
2025,208601,CM CASA BRANCA - PROFESSOR PAULO FREIRE,82,81.15619458913281,90.59289111876902,97.44891910964664,0.8438054108671906
2025,208603,CM RAÍZES DO SALGUEIRO,85,61.11631869427309,68.22101673124885,79.06233059839256,23.88368130572691
2025,208604,CM TIA BELA,89,104.68435592188457,116.85897851904238,126.8674607276532,15.684355921884574
2025,208605,CM TIA MARIA,30,50.3951339774502,56.25223220433336,52.401777257074144,20.3951339774502
2025,208606,CM DOUTOR RONALDO LUIZ GAZOLLA,48,77.5257223523388,86.53994817019353,75.38501289614175,29.525722352338803
2025,208607,CM DOS SONHOS,57,67.11062888360321,74.91287187971731,61.5950715127012,10.110628883603212
2025,208608,CM DOUTOR SÉRGIO AROUCA,181,164.0989281506835,183.18751372489425,233.50967409292693,16.90107184931651
2025,208801,EDI IGOR MORAES DA SILVA,70,73.73790623782848,82.31135164972882,88.25562485401962,3.737906237828483
2025,208803,EDI BOREL,58,78.57641009543144,86.40575676823538,88.25562485401962,20.57641009543144
2025,209601,CM PIPA NO CÉU,101,108.63325709122397,121.2674057697788,112.15818991864992,7.6332570912239674
2025,209602,CM CANTINHO DO CÉU,152,120.79757365306583,134.84726082336786,172.8339320057884,31.202426346934175
2025,209603,CM GALDINO MANOEL DA SILVA,46,41.57314953211111,46.40365564721745,38.61183587363358,4.42685046788889
2025,209604,CM NOVA DIVINÉIA,56,60.32773906457388,67.34067182313174,75.38501289614175,4.327739064573883
2025,209605,CM SÃO SEBASTIÃO - ARRELIA,75,66.95286052604136,74.73674435314061,99.28757796077208,8.047139473958637
2025,209606,CM WINNIE MANDELA,55,63.797751101045954,71.21448159580993,91.93294255627043,8.797751101045954
2025,209607,CM SOLANGE MARIA MAGALHÃES,71,97.73504713232344,109.1009920548224,118.59349589758888,26.735047132323444
2025,209608,CM GERMINAL DA VILA,124,111.6346129237063,124.6180236696268,141.57673153665647,12.3653870762937
2025,209609,CM PAPA JOÃO PAULO II,146,135.96649420116586,151.78136030575152,211.445767879422,10.033505798834142
2025,209610,CM FRANCISCO DE PAULA,92,108.79121917972623,121.44374960542288,112.15818991864992,16.791219179726227
2025,209803,EDI PROFESSORA SUELY DE PINHO CAVALCANTE,34,88.89206721919201,99.22897184727674,52.401777257074144,54.892067219192015
2025,209804,EDI PROFESSORA LUCIA MARIA QUITETE DE CARVALHO AMARAL,15,36.06411612609281,40.25355151991399,11.951282532315156,21.064116126092813
2025,227601,CM CASTELINHO,44,130.43581436999548,145.6070855601564,53.32110668263685,86.43581436999548
2025,227602,CM IACYRA FRAZÃO,15,28.831629583734944,32.17944415909957,20.22524736237949,13.831629583734944
2025,227801,EDI PROFESSORA EDIR CASEIRO RIBEIRO,347,256.5934395731904,286.4454439648338,372.32841735289526,90.40656042680962
2025,3001,CP ASSOCIAÇÃO PRESBITERIANA CUIDANDO DO AMANHÃ - APCA,161,146.65543709083227,152.26000501994244,182.94655568697812,14.344562909167735
2025,3002,CP ABRIGO MARIA IMACULADA,249,228.76993772487074,237.48819517182483,285.911451350001,20.230062275129256
2025,3003,CP CASA SÃO ROQUE,158,162.76813723193737,168.98368907332454,203.17180304935764,4.768137231937374
2025,3004,CP CENTRO COMUNITÁRIO NOSSA SENHORA APARECIDA - CRECHE,85,95.4853726058628,99.1495373366461,118.59349589758888,10.485372605862807
2025,3005,CP COLÉGIO RUTH SANT ANNA / JARDIM DE INFÂNCIA CIRANDA CIRANDINHA,94,126.89756444078672,131.75291559734308,158.12466119678513,32.897564440786724
2025,3006,CP CRECHE CASA VIVA,421,378.6421906203437,393.04331626388137,473.4546541647928,42.35780937965632
2025,3007,CP CRECHE CHAMEGUINHO,85,85.27863665409059,88.5557326289228,105.722883939711,0.27863665409059024
2025,3008,CP CRECHE COMUNITÁRIA ELIANA SATURNINO BRAGA,105,80.90848460522885,84.01984773721698,100.20690738633476,24.09151539477115
2025,3009,CP CRECHE COMUNITÁRIA JOÃO FERREIRA,46,37.45163216930124,38.91460845708968,45.04714185257251,8.548367830698758
2025,3010,CP CRECHE ESCOLA COMUNITÁRIA MÃE SOCIAL,122,116.66182659897137,121.12903339346158,145.25404923890727,5.338173401028627
2025,3011,CP CRECHE DO CENTRO PASTORAL SOCIAL PADRE JUSTINO RUSSOLILLO,44,49.69958350027226,51.62724937515424,60.67574208713849,5.6995835002722615
2025,3012,CP CRECHE MÃE DO DIVINO SALVADOR,328,280.16686575460676,290.83400517658976,350.2645111393903,47.83313424539324
2025,3013,CP CRECHE DO JACAREZINHO,179,159.10522802566413,165.18188506941672,198.5751559215441,19.894771974335868
2025,3014,CP CRECHE PLANTANDO O AMANHÃ,584,522.798909089317,542.6661399037358,653.6432215750827,61.20109091068298
2025,3015,CP CRECHE MARIETTA NAVARRO GAIO,68,83.8216166963473,87.04345722640339,103.88422508858558,15.821616696347306
2025,3016,CP CRECHE SÃO PEDRO NOLASCO,80,72.17718133528058,74.95741037392285,89.17495427958231,7.822818664719421
2025,3017,CP CRECHE TERNURINHA,43,50.42226297447405,52.37734332446853,61.5950715127012,7.422262974474052
2025,3018,CP FRATERNIDADE ASSISTENCIAL CRISTÃ,42,41.04554264473595,42.6448892956832,49.643788980386034,0.9544573552640472
2025,3019,CP INSTITUTO EDUCACIONAL CRESCENDO E APRENDENDO ALGODÃO DOCE,202,197.95490015601715,205.50469636421403,247.29961547636748,4.045099843982854
2025,3020,CP LAR DA CRIANÇA JESUS BOM PASTOR,118,99.13352088735164,102.93603120985696,123.1901430254024,18.866479112648364
2025,3021,CP CRECHE COMUNITÁRIA TIA ALICE,199,195.02128848692095,202.4598459358969,243.62229777411667,3.9787115130790482
2025,3022,CP INSTITUTO AVANTE ELITE DO FUTURO,257,224.36655472603266,232.91784281603523,280.3954747966248,32.63344527396734
2025,3023,CP LAR DE MARIA DOLORES,49,38.8882065446787,40.40569553712072,46.88580070369792,10.111793455321298
2025,3024,CP CASA DE LEYLÁ,191,192.8212273780911,200.17636129016725,240.86430949742856,1.8212273780910948
2025,3025,CP CENTRO CULTURAL EDUCAR - UNIDADE II,486,398.493841893986,413.6476997889594,498.2765486549858,87.50615810601403
2025,3026,CP CHALÉ SEMENTINHA,504,415.40647592302673,431.2016243731938,519.421125442928,88.59352407697327
2025,3027,CP CENTRO CULTURAL EDUCAR - UNIDADE IV,239,231.70573261925935,240.53531071182476,289.58876905225185,7.294267380740649
2025,3028,CP ESTRELINHA DO MAR,299,261.80621069738476,271.7771476408841,327.28127550032275,37.193789302615244
2025,3029,CP CRECHE BRINCANDO COM JUNINHO,179,178.1576195553794,184.9567263874777,222.47772098617443,0.842380444620602
2025,3030,CP CRECHE TIO KITO,65,80.18039850683797,83.26414955019305,99.28757796077208,15.180398506837975
2025,3031,CP ESCOLA COMUNITÁRIA JARDIM ARCO-ÍRIS - UNIDADE I,110,112.27735002899789,116.57829359327764,139.73807268553105,2.277350028997887
2025,3032,CP NÚCLEO RECREATIVO RAIOZINHO DE SOL,188,171.5611363023552,178.11011107248265,214.2037561561101,16.43886369764479
2025,3033,CP INSTITUTO EDUCACIONAL T & P CONQUISTA,270,228.03601450516038,236.72644274807556,284.9921219244383,41.96398549483962
2025,3034,CP CRECHE RISCO E RABISCO,129,111.54674804393993,115.8199864247535,138.81874325996836,17.453251956060072
2025,3035,CP CENTRO EDUCACIONAL SÃO VICENTE DE PAULO,76,94.02651248294124,97.63535375729472,116.75483704646346,18.026512482941243
2025,3036,CP CENTRO CULTURAL EVOLUIR,178,153.97804724714567,159.86028491313954,192.1398499426052,24.021952752854332
2025,3037,CP CRECHE FRUTOS DO AMANHÃ I,447,459.53388107558163,477.0022438733425,574.5808909766902,12.533881075581633
2025,3038,CP CRECHE FRUTOS DO AMANHÃ II,210,210.42511813741856,218.44776785078963,262.92821571093344,0.42511813741856486
2025,3039,CP CRECHE COMUNITÁRIA CÉU AZUL,101,67.81675662160528,70.43161074233021,83.65897772620609,33.18324337839472
2025,3040,CP ASSOCIAÇÃO CRESCENCIO UNIDADE II,100,126.89756444078672,131.75291559734308,158.12466119678513,26.897564440786724
2025,3041,CP CENTRO DE DESENVOLVIMENTO INFANTIL ESPELHO D'AGUA,124,96.21488991097291,99.9067195994734,119.51282532315156,27.785110089027086
2025,312502,CIEP PROCÓPIO FERREIRA,143,136.12451898845237,151.95777414389318,136.98008440884294,6.875481011547635
2025,312601,CM CANTINHO FELIZ,228,236.19382935368657,263.6719678086775,272.1215099665605,8.193829353686567
2025,312602,CM ENGENHO DA RAINHA,244,190.34060949016813,212.48289166617417,261.089556859808,53.659390509831866
2025,312603,CM RENASCER,248,207.73201319347294,231.8981014862323,281.3148042221875,40.26798680652706
2025,312801,EDI HENRIQUE FORÉIS,186,177.85151078757326,198.5404592747761,262.00888628537075,8.148489212426739
2025,312802,EDI LUCIA MARIA BATISTA DE ALBUQUERQUE,76,107.68549413899112,120.20935345065044,99.28757796077208,31.685494138991118
2025,312803,EDI PROFESSORA LUIZA HELENA MAIA MEDEIROS,70,87.15529050505194,97.2900898583293,124.1094724509651,17.155290505051937
2025,312804,EDI PROFESSORA TÂNIA MARTINS NOVO LENZ,129,146.08063760691488,163.0724678439825,156.28600234565974,17.080637606914877
2025,312805,EDI TANIA CRISTINA MOREIRA,273,240.4633912120529,268.4383708909417,360.37713482058007,32.5366087879471
2025,312806,EDI PROFESSORA ELIANE MONTE CHIARI DANTAS,189,201.72388972636452,225.19082357106367,271.20218054099774,12.723889726364519
2025,312809,EDI PROFESSORA VALÉRIA PEREIRA DE SOUZA PINTO,161,191.1310912442287,213.36536034601204,233.50967409292693,30.131091244228713
2025,312810,EDI MARIA MAZZETTI,55,70.58182310993331,78.78800167495706,84.5783071517688,15.58182310993331
2025,312812,EDI HERMENEGILDO DE BARROS,152,129.17171204879523,144.19588201133993,155.36667292009702,22.82828795120477
2025,312813,EDI JORNALISTA JORGE BASTOS MORENO,217,254.92180560135088,280.3424732970591,276.718157094374,37.92180560135088
2025,313601,CM VILA DOS MINEIROS,102,121.74554005292387,135.9055402909092,131.46410785546672,19.74554005292387
2025,313602,CM ACONCHEGO,76,101.8413349867826,113.68512069780571,76.30434232170445,25.8413349867826
2025,313603,CM SYLVIA ORTHOF,147,144.02611400467447,160.77886312691038,205.01046190048305,2.9738859953255314
2025,313604,CM NOSSO CANTINHO,111,130.27780046869174,145.43068387597285,162.72130832459865,19.277800468691737
2025,313606,CM CANTINHO DO QUETO,73,104.52640607958259,116.68264835634172,111.23886049308722,31.526406079582586
2025,313607,CM ODETINHA VIDAL DE OLIVEIRA,133,185.5977978859644,207.1881676972066,240.86430949742856,52.59779788596441
2025,313608,CM RACHEL LEITE DIAS,322,311.15672011128197,347.35815562553194,395.3116529919628,10.84327988871803
2025,313609,CM RECANTO DA CACHOEIRA,128,125.5375338714668,140.1388013160628,144.33471981334458,2.462466128533194
2025,313610,CM EMMANUEL,134,159.9892430511631,178.59959210416173,185.70454396366625,25.9892430511631
2025,313611,CM JOSÉ RAMOS JANUÁRIO - ZÉ PRETINHO,133,192.0796741979341,214.4243281752708,198.5751559215441,59.07967419793411
2025,313612,CM MARCILIA CATARINA DA COSTA ORGÉLIO - TIA MANA,218,237.45887751061036,265.0842273408044,285.911451350001,19.458877510610364
2025,313801,EDI PROF. JOSÉ LIBONATI FILHO,101,103.73666425048407,115.80100578535976,116.75483704646346,2.7366642504840684
2025,313802,EDI ANÍSIO TEIXEIRA,316,314.95270336054404,351.5958706530495,342.9098757348887,1.0472966394559649
2025,313804,EDI GEORGE BERNANOS,84,107.52753525586206,120.0330131938153,124.1094724509651,23.527535255862063
2025,313805,EDI MAURÍCIO CARDOSO,160,164.5731313862943,183.71689912251995,213.2844267305474,4.573131386294307
2025,313806,EDI EDUCANDÁRIO DE SANTA CRUZ,28,79.10413322612229,88.302035514944,31.25720046913195,51.104133226122286
2025,313809,EDI ESCULTORA LYGIA CLARK,123,103.10487973602714,115.09570172001146,114.91617819533803,19.895120263972856
2025,328601,CM GERALDA DE JESUS ALEIXO,105,111.16070409846331,124.08896697473304,116.75483704646346,6.160704098463313
2025,328602,CM TIA ANDREZA,214,226.70616938967905,253.0802459580399,278.5568159454994,12.706169389679047
2025,328604,CM DA COMUNIDADE DO JACAREZINHO,201,205.0441456284,228.8974516383038,277.6374865199367,4.044145628400003
2025,328801,EDI PADRE NELSON CARLOS DEL MÔNACO,288,263.8680598287267,294.56659871022185,311.6526752657567,24.1319401712733
2025,329801,EDI DONA LINDU,323,269.5613553451865,300.9224128039495,373.247746778458,53.438644654813515
2025,330601,CM JOSÉ DE VIEIRA DA SILVA,220,183.85880174864437,205.2468077433088,255.5735803064318,36.14119825135563
2025,330602,CM NOVA BRASÍLIA,258,249.95154567064097,279.0306448099844,313.4913341168822,8.048454329359032
2025,4001,CP CENTRO EDUCACIONAL APRENDIZ DA MARÉ,178,182.55604058853467,189.5219307808607,227.99369753955068,4.556040588534671
2025,4002,CP INSTITUTO EDUCACIONAL LUIZ ANTONIO - IELA,114,128.36036663729075,133.27118760614758,159.96332004791054,14.360366637290753
2025,4003,CP ASSOCIAÇÃO CIVIL CENTRO EDUCACIONAL COMUNITÁRIO ESTAÇÃO DO SABER,100,116.66182659897137,121.12903339346158,145.25404923890727,16.661826598971373
2025,4004,CP CRECHE DO CENTRO COMUNITÁRIO DA VILA PROLETÁRIA DA PENHA,108,87.46470577664927,90.8247048240866,108.4808722163991,20.535294223350732
2025,4005,CP CASA DE JOEL,193,162.0355143121039,168.22328565844737,202.2524736237949,30.964485687896087
2025,4006,CP COMUNIDADE INSTITUCIONAL ADULÃO TEMPO FELIZ,92,83.09321824288921,86.28743516594643,102.96489566302289,8.906781757110792
2025,4007,CP CRECHE CASULO BOM JESUS DA PENHA,80,104.24316634174916,108.23944341628273,129.6254490043413,24.24316634174916
2025,4008,CP CRECHE COMUNITÁRIA CASULO DO PARQUE PROLETÁRIO DA PENHA,65,42.4852880857458,44.13926110665887,51.48244783151144,22.5147119142542
2025,4009,CP CRECHE COMUNITÁRIA DE MANGUINHOS,59,56.93484540128639,59.13696347468961,69.86903634276553,2.0651545987136117
2025,4010,CP CRECHE COMUNITÁRIA SAGRADO CORAÇÃO DE MARIA,114,86.00725566889906,89.3119833908732,106.6422133652737,27.992744331100937
2025,4011,CP CRECHE E PRÉ-ESCOLA NOVA JERUSALÉM,71,80.18039850683797,83.26414955019305,99.28757796077208,9.180398506837975
2025,4012,CP CRECHE ESCOLA MIMI I,200,210.42511813741876,218.44776785078963,262.92821571093344,10.425118137418764
2025,4013,CP RECANTO DA CRIANÇA FELIZ,87,81.63665085315633,84.7756290282936,101.12623681189748,5.3633491468436745
2025,4014,CP CRECHE SAGRADO CORAÇÃO DE MARIA E SANTO ANTÔNIO,109,72.17718133528071,74.95741037392285,89.17495427958231,36.82281866471929
2025,4015,CP ESPAÇO DE EDUCAÇÃO INFANTIL VILA DO JOÃO,325,175.95863491130442,182.6743585181564,219.71973270948632,149.04136508869558
2025,4016,CP CRECHE LAR IRMÃO FRANCISCO,182,123.24114353216223,127.95784192384828,153.52801406897163,58.758856467837774
2025,4017,CP ASSOCIAÇÃO CENTRO EDUCACIONAL REBRAL I,144,146.65543709083227,152.26000501994244,182.94655568697812,2.6554370908322653
2025,4018,CP SOCIEDADE DE ENSINO TEREZA CRISTINA,149,140.0672036419685,145.42194778156784,174.6725908569138,8.93279635803151
2025,4020,CP CENTRO CULTURAL EDUCAR,77,91.83867202833952,95.36454475954056,113.99684876977534,14.838672028339516
2025,4021,CP ASSOCIAÇÃO CENTRO EDUCACIONAL REBRAL II,184,163.50078032507056,169.74411341567605,204.0911324749204,20.499219674929435
2025,4022,CP CRECHE VALE DO SOL NO GROTÃO,306,240.51406260054662,249.67763812073,300.6207221590043,65.48593739945338
2025,4023,CP CENTRO CULTURAL EDUCAR - UNIDADE III,106,156.90773425584456,162.90106383013628,195.81716764485603,50.90773425584456
2025,4024,CP CRECHE VALE DO SOL,358,338.9474497391861,351.84343349720723,423.8108651844067,19.052550260813916
2025,4025,CP CRECHE E PRÉ-ESCOLA NOVA JERUSALÉM NO CORDOVIL,189,192.08790236348656,199.41522950481956,239.94498007186584,3.087902363486563
2025,4026,CP CRECHE ESCOLA PATINHO ESTUDIOSO,40,42.4852880857458,44.13926110665887,51.48244783151144,2.4852880857458004
2025,4027,CP ASSOCIAÇÃO CENTRO EDUCACIONAL REBRAL IV,392,340.41739920554284,353.36912044151774,425.64952403553207,51.582600794457164
2025,4028,CP CRECHE TIA NANE I,92,94.02651248294133,97.63535375729462,116.75483704646346,2.026512482941328
2025,4029,CP SOLZINHO,290,263.27489112455066,273.30151780130933,329.11993435144814,26.725108875449337
2025,4030,CP CRECHE VALE DO SOL II,327,256.6660788717587,266.4421111321228,320.8459695213838,70.33392112824129
2025,4032,CP ASSOCIAÇÃO CENTRO EDUCACIONAL REBRAL V,377,359.5283812701175,373.20475145237424,449.5520891001624,17.471618729882493
2025,4034,CP CASA DE JOEL II,341,324.9838904699947,337.35040436245146,406.34360609871527,16.01610953000528
2025,4035,CP INSTITUTO DE EDUCAÇÃO EUCLIDES DOS SANTOS,178,197.95490015601715,205.50469636421383,247.29961547636748,19.954900156017146
2025,4036,CP CRECHE GIZ COLORIDO,93,121.7788172510495,126.44006354741492,151.6893552178462,28.778817251049503
2025,4037,CP CRECHE ESCOLA MIMI II,92,80.18039850683797,83.26414955019305,99.28757796077208,11.819601493162025
2025,4038,CP ASSOCIAÇÃO CENTRO EDUCACIONAL REBRAL VIII,227,238.31185071631046,247.39192202109385,297.8627338823162,11.31185071631046
2025,4039,CP ASSOCIAÇÃO CENTRO EDUCACIONAL REBRAL IX,89,76.54122187124464,79.48695866380045,94.69093083295854,12.458778128755355
2025,4040,CP ASSOCIAÇÃO CENTRO EDUCACIONAL REBRAL X,503,228.76993772487074,237.48819517182483,285.911451350001,274.2300622751293
2025,4041,CP CRECHE ESCOLA OTACÍLIO BATISTA,105,78.7244725377484,81.75300847734839,97.44891910964664,26.275527462251603
2025,4042,CP CENTRO CULTURAL PEDACINHO DO CÉU,167,167.16429221592375,173.54654263601302,208.68777960273388,0.16429221592375143
2025,4043,CP ASSOCIAÇÃO COMUNITÁRIA EDUCACIONAL FLORESCER,104,98.403780526856,102.17861763066882,122.27081359983968,5.596219473144004
2025,4044,CP CRECHE HOUSE BABY - BONSUCESSO,186,176.69161269541593,183.4351300707877,220.63906213504904,9.308387304584073
2025,4045,CP CRECHE CRIANÇA FELIZ EM LUCAS,112,114.46940614945414,118.85347455872164,142.49606096221916,2.4694061494541444
2025,4046,CP CRECHE TIA NANE III,84,91.10951555519763,94.6077366801272,113.07751934421265,7.109515555197632
2025,4047,CP CRECHE VALE DO SOL III,305,261.0718822397647,271.0149747584784,326.36194607476,43.928117760235295
2025,4048,CP INSTITUTO DE EDUCAÇÃO EUCLIDES DOS SANTOS II,117,160.57032971937073,166.70254236513586,200.41381477266955,43.57032971937073
2025,4049,CP INSTITUTO JOSEFA LAURENTINO,91,167.89705267640426,174.3070887344091,209.60710902829655,76.89705267640426
2025,4050,CP CENTRO EDUCACIONAL CARIOQUINHA,112,118.12363599154747,122.64627565398187,147.0927080900327,6.123635991547474
2025,410601,CM MANGUINHOS,62,81.47190868914704,90.94534423388866,56.07909495932496,19.471908689147043
2025,410602,CM DR. JUVENIL DE SOUZA LOPES,27,88.89206721919201,99.22897184727682,14.70927080900327,61.892067219192015
2025,410603,CM CHICO BENTO,143,245.36556417910114,273.91100090233107,349.3451817138276,102.36556417910114
2025,410801,EDI DOUTOR DOMINGOS ARTHUR MACHADO FILHO,452,289.96309140040194,323.6982622943542,425.64952403553207,162.03690859959806
2025,410802,EDI DOUTOR ANTÔNIO FERNANDES FIGUEIRA,187,117.32181160231112,130.967030891503,141.57673153665647,69.67818839768888
2025,410803,EDI JOAQUIM VENÂNCIO,68,60.32773906457388,67.34067182313174,65.272389214952,7.672260935426117
2025,410804,EDI SARGENTO JORGE FALEIRO SOUZA,22,41.88807545984112,46.75522866459847,18.38658851125409,19.88807545984112
2025,410805,EDI COMPOSITOR NEOCI DIAS DE ANDRADE,150,153.3508237379642,171.1886721327606,137.89941383440564,3.350823737964191
2025,410807,EDI PROFESSORA TANIA DA ROCHA CORREA,132,169.31526018634202,189.01086077421155,154.44734349453432,37.315260186342016
2025,410808,EDI ALMIR LEITE RIBEIRO,158,165.04733640555918,184.2462865115185,206.84912075160847,7.047336405559179
2025,410810,EDI MIGUEL COUTO,42,100.73576041001606,112.4508925371864,44.12781242700981,58.735760410016056
2025,411601,CM CARLOS DRUMMOND DE ANDRADE,138,186.86253421802832,208.600079096113,232.5903446673642,48.862534218028316
2025,411602,CM TEMPO DE APRENDER,94,97.89297447211258,109.27729709318864,109.4002016419618,3.8929744721125843
2025,411603,CM MORRO DA PAZ,108,103.4207709918837,115.4483526346448,131.46410785546672,4.5792290081163
2025,411604,CM BETINHO,11,80.68262953478032,90.0642182521949,32.17652989469465,69.68262953478032
2025,411605,CM CARACOL,101,123.0095154706621,137.3166021540364,139.73807268553105,22.009515470662095
2025,411607,CM MARIA ALTAMIRA C. OLEGÁRIO,5,45.353021691290515,50.62338169828783,9.193294255627045,40.353021691290515
2025,411609,CM TIA RUTH COSTA DOS SANTOS,31,97.89297447211258,109.27729709318864,19.30591793681679,66.89297447211258
2025,411801,EDI MARIANA ROCHA DE SOUZA,208,261.17959369169904,291.56528059772074,284.9921219244383,53.17959369169904
2025,411802,EDI JOEL LUIZ DE AZEVEDO BASTOS,51,85.57647644688778,95.52755233989208,105.722883939711,34.57647644688778
2025,411803,EDI MARIA DE LOURDES FERREIRA,96,142.6037770412924,159.19101144216486,147.0927080900327,46.6037770412924
2025,411804,EDI MORRO DA FÉ,4,26.004883136609063,29.02376008500698,32.17652989469465,22.004883136609063
2025,430601,CM MENINO MALUQUINHO,115,217.69324084915135,243.01849919331312,305.2173692868178,102.69324084915135
2025,430602,CM VILA PINHEIRO,377,243.62607344897972,271.96908876639986,400.8276295453391,133.37392655102028
2025,430603,CM TIO MÁRIO,439,258.80743658646225,288.91707983195835,472.5353247392301,180.19256341353775
2025,430604,CM MONTEIRO LOBATO,69,122.69351947231685,136.96383429460548,103.88422508858558,53.69351947231685
2025,430605,CM NOVA HOLANDA,73,71.21300661684866,79.4926346905816,127.7867901532159,1.7869933831513407
2025,430607,CM PROFESSOR PAULO FREIRE,78,67.11062888360321,74.91287187971731,87.3362954284569,10.889371116396788
2025,430801,"EDI PESCADOR ISIDORO DUARTE - ""DORO""",176,154.14109130295168,172.0709016803488,201.33314419823225,21.85890869704832
2025,430802,EDI PROFESSORA KELITA FARIA DE PAULA,87,174.21563695998296,194.48148544191264,241.7836389229913,87.21563695998296
2025,430803,EDI PROFESSOR MOACYR DE GÓES,60,124.11551257702057,138.55130206861088,167.31795545241218,64.11551257702057
2025,430805,EDI PROFESSORA SOLANGE CONCEIÇÃO TRICARICO,178,140.70736107035026,157.07391305612643,199.49448534710683,37.29263892964974
2025,430806,EDI CLEIA SANTOS DE OLIVEIRA,74,161.72793909120486,180.5406170135053,205.01046190048305,87.72793909120486
2025,430807,EDI MARIA AMÉLIA CASTRO E SILVA BELFORT,161,143.55199933543253,160.2495766103957,174.6725908569138,17.448000664567473
2025,430809,EDI MEDALHISTA OLÍMPICO LUIZ FELIPE MARQUES FONTELES,406,242.67726493161982,270.9098691096634,397.1503118430883,163.32273506838018
2025,430810,EDI MEDALHISTA OLÍMPICO EVANDRO MOTTA MARCONDES GUERRA,402,260.54701671662514,290.8590917764454,406.34360609871527,141.45298328337486
2025,430811,EDI MEDALHISTA OLÍMPICO WILLIAM PEIXOTO ARJONA,387,268.77061402977426,300.0396543410742,389.7956764385866,118.22938597022574
2025,430812,EDI MEDALHISTA OLÍMPICO EDER FRANCIS CARBONERA,204,155.08941982923085,173.129585453199,215.1230855816728,48.91058017076915
2025,430813,EDI ARMANDO DE SALLES OLIVEIRA,82,60.64316657444502,67.69280493805921,95.61026025852124,21.35683342555498
2025,430815,EDI PESCADOR ALBANO ROSA,340,79.89337091176289,89.18311519475115,330.9585932025735,260.1066290882371
2025,431601,CM LUÍS CARLOS DE OLIVEIRA CÂMARA,23,85.73435461000412,95.7038024711405,12.87061195787786,62.73435461000412
2025,431602,CM BARBOSA LIMA SOBRINHO,289,229.3943028220734,256.0811926297321,299.7013927334416,59.6056971779266
2025,431603,CM CHICO MENDES,104,116.84785840774681,130.43792465844143,130.544778429904,12.847858407746813
2025,431604,CM CORAÇÃO DE GENEVE,109,113.84623807991225,127.08701145015164,137.89941383440564,4.846238079912254
2025,431605,CM SEMPRE VIDA DIQUE,306,237.45887751061056,265.0842273408044,315.3299929680076,68.54112248938944
2025,431606,CM VISCONDE DE SABUGOSA,61,63.9554945346263,71.3905812925086,73.54635404501634,2.955494534626297
2025,431607,CM ACAUÃ,32,19.26362950133986,21.498059368136992,49.643788980386034,12.73637049866014
2025,431608,CM ARI PIMENTEL,8,44.8804509191738,50.09581906586868,4.5966471278135215,36.8804509191738
2025,431801,EDI CARVALHO MOURÃO,26,23.494328699997833,26.221063229718304,27.579882766881127,2.5056713000021666
2025,431802,EDI PROFESSOR CARLOS FALSETH,158,217.53512249727316,242.8419808944732,195.81716764485603,59.535122497273164
2025,431803,EDI PROFESSOR EMMANUEL PEREIRA FILHO,31,36.22145434486624,40.42919872061268,27.579882766881127,5.221454344866238
2025,5001,CP ASSOCIAÇÃO AMIGOS DA CRIANÇA - CRECHE ROCHA MIRANDA,490,495.5782090071146,514.4132922669668,619.6280328292627,5.578209007114594
2025,5002,CP CRECHE EFFATÁ,116,102.78301375546197,106.72391948794755,127.7867901532159,13.216986244538035
2025,5003,CP CRECHE PINTINHO DOURADO,175,145.19120510160212,150.74024991194256,181.1078968358528,29.808794898397878
2025,5004,CP CRECHE CASULO SÃO RAFAEL ARCANJO,72,72.90428180639289,75.71208666111399,90.09428370514502,0.9042818063928877
2025,5005,CP CRECHE APÓSTOLO SÃO PEDRO,147,142.9950474918864,148.46081472890907,178.34990855916462,4.004952508113604
2025,5006,CP CRECHE CARDEAL CÂMARA,470,413.2003832559166,428.9118814575474,516.6631371662398,56.79961674408338
2025,5007,CP CENTRO COMUNITÁRIO FLOR DO AMANHÃ,75,85.27863665409059,88.5557326289228,105.722883939711,10.27863665409059
2025,5008,CP ASSOCIAÇÃO HOUSE BABY - VILA KOSMOS,223,192.08790236348656,199.4152295048197,239.94498007186584,30.912097636513437
2025,5009,CP ASSOCIAÇÃO CRECHE ESPERANÇA - IRAJÁ,249,284.57408333713676,295.40833618414075,355.78048769276654,35.574083337136756
2025,5010,CP ASSOCIAÇÃO CENTRO EDUCACIONAL REBRAL VII,641,388.9353139468561,403.7267329340677,486.3252661226706,252.06468605314387
2025,5012,CP ASSOCIAÇÃO CENTRO EDUCACIONAL REBRAL XI,351,338.21248204102136,351.08059732500215,422.891535758844,12.78751795897864
2025,5013,CP CENTRO EDUCACIONAL SOMAR,281,273.55650505095883,283.9729918469954,341.990546309326,7.443494949041167
2025,5014,CP AEMMAC - MARECHAL HERMES,407,329.39324354949184,341.9269512244288,411.8595826520916,77.60675645050816
2025,5015,CP AEMMAC - ROCHA MIRANDA,578,476.451936403296,494.56179422774255,595.7254677646324,101.54806359670403
2025,5016,CP ASSOCIAÇÃO EDUCACIONAL E CULTURAL SÃO BERNARDO - CSB,338,324.9838904699947,337.35040436245146,406.34360609871527,13.01610953000528
2025,514009,EM MATO GROSSO,64,59.22378933120367,66.10825790039848,63.433730363826605,4.776210668796331
2025,514501,CIEP DOM OSCAR ROMERO,46,49.60715079407027,55.3725533077448,38.61183587363358,3.6071507940702716
2025,514601,CM TIO SEBASTIÃO XAVIER,72,105.94797213135352,118.26963932720004,110.31953106752452,33.947972131353524
2025,514602,CM JECIÁ DE FREITAS FERREIRA,470,471.08317811040405,525.8949702233477,531.372407975243,1.0831781104040488
2025,514603,CM AMÁLIA FERNANDEZ CONDE,110,177.0610956666896,197.65806498739417,150.7700257922835,67.0610956666896
2025,514604,CM ESTRELINHA DOURADA,80,136.44056943067125,152.31060278888262,119.51282532315156,56.440569430671246
2025,514605,CM O SONHO DE RAMON PASCUAL,149,177.0610956666896,197.65806498739417,178.34990855916462,28.061095666689596
2025,514606,CM ACALANTO,112,121.74554005292387,135.9055402909092,139.73807268553105,9.745540052923872
2025,514607,CM SEMENTINHA,104,171.2121594372563,191.12849872428404,146.17337866447,67.2121594372563
2025,514608,CM JOSEPH BARBERA,158,155.08941982923085,173.129585453199,197.65582649598144,2.910580170769151
2025,514609,CM PARQUE BOM MENINO,287,332.3513484628495,371.0191649709078,320.8459695213838,45.3513484628495
2025,514801,EDI DEPUTADO PEDRO FERNANDES,123,219.90690960534545,245.4897685843904,176.51124970803923,96.90690960534545
2025,514802,EDI LUXEMBURGO,81,60.48545209084051,67.51673756695767,92.85227198183313,20.51454790915949
2025,514803,EDI JOSÉ ALPOIM,58,54.17815517865757,60.475474708510696,52.401777257074144,3.821844821342431
2025,515015,EM PADRE DEHON,80,82.89266165446217,92.53142737252584,95.61026025852124,2.8926616544621737
2025,515021,EM MOZART LAGO,71,75.15827394840674,83.89700463045324,80.90098944951798,4.158273948406745
2025,515046,EM ADELMAR TAVARES,55,46.45577641605863,51.85446121765092,65.272389214952,8.544223583941367
2025,515053,EM SENADOR FRANCISCO GALLOTTI,34,36.22145434486621,40.42919872061272,56.99842438488767,2.22145434486621
2025,515064,EM MESTRE DARCY DO JONGO,24,20.046431310847346,22.371951358440075,19.30591793681679,3.953568689152654
2025,515501,CIEP AUGUSTO PINHEIRO DE CARVALHO,76,79.41982576140754,88.65446455197537,73.54635404501634,3.4198257614075374
2025,515503,CIEP METALÚRGICO BENEDITO CERQUEIRA,47,51.02555831395922,56.95601751982585,63.433730363826605,4.025558313959223
2025,515601,CM OLGA BENÁRIO,102,116.53189157215735,130.0851893589384,93.77160140739583,14.531891572157349
2025,515602,CM SÃO MIGUEL ARCANJO,339,376.00860342521327,419.7567367249652,458.7453833557895,37.008603425213266
2025,515604,CM GERCINDA ROSA FONSECA,222,264.97508180834984,295.8024428495963,278.5568159454994,42.97508180834984
2025,515605,CM JOSÉ RAIMUNDO DE SOUZA ALVES,244,259.7562972801544,289.97635773973406,264.76687456205883,15.7562972801544
2025,515606,CM JOSUÉ DE CASTRO,153,202.67252841226966,226.24985362211808,173.75326143135112,49.672528412269656
2025,515607,CM MANÉ GARRINCHA I,299,270.51024736417656,301.98172568402384,300.6207221590043,28.489752635823436
2025,515608,CM MARIA JOSÉ DE PAULA DE JESUS,128,143.55199933543253,160.2495766103957,167.31795545241218,15.551999335432527
2025,515610,CM SEMPRE VIDA PALMEIRINHA,69,85.73435461000419,95.70380247114042,91.93294255627043,16.73435461000419
2025,515611,CM VOVÓ MARIA JOANA,169,156.669985173988,174.8940782820476,201.33314419823225,12.33001482601199
2025,515612,CM TIA MARIA DO JONGO,150,122.0615317560734,136.2583033548079,191.2205205170425,27.938468243926593
2025,515613,CM MANOEL DA ROCHA APRISCO,189,184.17498144540784,205.59978069601613,259.2508980086826,4.8250185545921624
2025,515801,EDI KARINE LORRAINE CHAGAS DE OLIVEIRA,433,349.9087609204606,390.6197021436288,431.1655005889083,83.09123907953938
2025,515802,EDI GUSTAVO LESSA,96,73.73790623782855,82.31135164972882,71.70769519389093,22.262093762171446
2025,515803,EDI PIO XII,89,86.52375628704218,96.58506525460696,81.82031887508069,2.4762437129578245
2025,515804,EDI FERNÃO DIAS,85,84.6292228994338,94.47006878198648,89.17495427958231,0.37077710056620106
2025,515805,EDI ROCHA POMBO,45,54.80876444598439,61.179466525951845,68.94970691720282,9.808764445984387
2025,515807,EDI BURITI CONGONHAS,102,120.3235953992126,134.31812661183554,124.1094724509651,18.323595399212607
2025,515808,EDI GUARACIARA RODRIGUES DINIZ,95,96.62957154779623,107.8668744205374,118.59349589758888,1.6295715477962318
2025,515809,EDI PROFESSOR UBIRAJARA DE PAULA CASTRO,305,286.48364592892756,319.813919989452,376.005735055146,18.516354071072442
2025,515810,EDI PROFESSORA TEREZINHA SARDOUX HENRIQUES,195,223.859943412231,249.9028097990832,226.1550386884253,28.85994341223099
2025,6001,CP ESCOLA PATRONATO NOSSA SENHORA DE NAZARÉ,295,246.38703252332607,255.773301157978,307.97535756350595,48.61296747667393
2025,6002,CP CRECHE GUADALUPE,197,177.42460762349893,184.1959194090236,221.5583915606117,19.57539237650107
2025,6003,CP CRECHE NOSSO LAR,416,372.02557025590045,386.1758076389846,465.1806893347284,43.97442974409955
2025,6004,CP CENTRO COMUNITÁRIO PARQUE UNIDOS DE ACARI,91,76.54122187124464,79.48695866380045,94.69093083295854,14.458778128755355
2025,6005,CP CRECHE DON GUANELLA,132,118.8545979819405,123.40495620889992,148.01203751559538,13.1454020180595
2025,6006,CP CRECHE ESCOLA COMUNITÁRIA TIO PATINHAS,161,148.8519704725683,154.53983000040037,185.70454396366625,12.148029527431703
2025,6007,CP CRECHE ABRINDO PORTAS,131,119.58559755139612,124.16367574052674,148.9313669411581,11.41440244860388
2025,6009,CP CENTRO EDUCACIONAL NOSSA SENHORA APARECIDA,315,236.10972402625575,245.10629431483773,295.10474560562807,78.89027597374425
2025,6012,CP ASSOCIAÇÃO CRESCÊNCIO,221,204.5563174054578,212.35643046899003,255.5735803064318,16.443682594542196
2025,6013,CP CRECHE COMUNITÁRIA AQUARELA,279,221.43117857705474,229.87116173821968,276.718157094374,57.56882142294526
2025,6015,CP AEMMAC - PAVUNA,356,267.68111740642973,277.8748202366484,334.6359109048244,88.31888259357027
2025,6016,CP CRECHE NOSSO LAR II,368,321.3095698152023,333.5367608356418,401.7469589709018,46.69043018479772
2025,6017,CP CRECHE JOÃO E MARIA,271,184.02231087764767,191.043800388402,229.8323563906761,86.97768912235233
2025,6018,CP ASSOCIAÇÃO CRECHE ESPERANÇA - COELHO NETO,181,204.5563174054578,212.35643046899003,255.5735803064318,23.556317405457804
2025,622202,CIEP GENERAL AUGUSTO CESAR SANDINO,179,156.03775638755974,174.18827819353058,170.0759437291003,22.96224361244026
2025,622601,CM JOSÉ GOULART,216,252.16549383217688,281.50222613777504,269.3635216898724,36.16549383217688
2025,622602,CM SILVIO AMANCIO,176,195.87405790853578,218.66025743103387,185.70454396366625,19.874057908535775
2025,622603,CM YARA AMARAL,239,253.58875498897234,283.09110963647134,299.7013927334416,14.58875498897234
2025,622801,EDI ERNANI CARDOSO,244,217.3770042589326,242.66546272239057,253.7349214553064,26.6229957410674
2025,622802,EDI PROFESSORA MILTOLINA DA SILVA,50,51.81363462956797,57.835800412910544,54.24043610819955,1.8136346295679715
2025,622804,EDI MEDALHISTA PARALÍMPICO DANIEL MARTINS,302,295.81495548774944,330.2310973209493,324.5232872236346,6.185044512250556
2025,622805,EDI MEDALHISTA OLÍMPICO MAURÍCIO LUIZ DE SOUZA,155,224.01806617432757,250.0793330216428,236.26766236961504,69.01806617432757
2025,622810,EDI ANTÔNIO FRANCISCO LISBOA,61,58.75069065495738,65.58010578287852,50.563118405948735,2.2493093450426187
2025,625601,CM OS SABIDINHOS,160,126.48556341504391,141.19715128269883,182.02722626141545,33.51443658495609
2025,625602,CM PROFESSORA JUREMA GOMES SAMPAIO DELFIM,193,128.06563937580364,142.96109772782987,214.2037561561101,64.93436062419636
2025,625603,CM DR. ALBERT SABIN,136,117.63778234719977,131.31977055571056,172.8339320057884,18.362217652800226
2025,625604,CM HERBERT DE SOUZA - BETINHO,332,298.3455175614079,333.0561363704963,330.9585932025735,33.65448243859208
2025,625605,CM LUÍS CARLOS PRESTES,253,172.0025419423812,192.0108565977389,268.44419226430966,80.99745805761879
2025,625606,CM LUÍS DE SOUZA DA COSTA BARROS,328,283.79500519715185,316.81240695558233,376.9250644807088,44.20499480284815
2025,625607,CM LUIZA DE BARROS DE SÁ FREIRE,382,303.72301299619636,339.05940131960904,415.5369003543423,78.27698700380364
2025,625608,CM MAJOR CELESTINO R. DOS SANTOS,184,149.24152571113316,166.60118266380252,193.9785087937306,34.758474288866836
2025,625609,CM SÔNIA MARIA DE M. ANGEL JONES,103,108.15937355454544,120.7383773095908,155.36667292009702,5.159373554545439
2025,625610,CM ZUZU ANGEL,110,97.26126848278383,108.57208070219536,111.23886049308722,12.738731517216166
2025,625611,CM ZILKA SALABERRY,407,315.1108700121902,351.77244287495864,516.6631371662398,91.88912998780978
2025,625612,CM YEDDA MARQUES LAMOUNIER DE ANDRADE MACIEL,484,394.9909672046118,440.9480443143202,584.69351465788,89.00903279538818
2025,625614,CM SIMONE DE BEAUVOIR,291,252.63991346081218,282.0318531255803,331.8779226281363,38.36008653918782
2025,625615,CM EDNA LOTTE,408,310.8403896072975,347.00501430690133,461.5033716324776,97.15961039270252
2025,625616,CM PROFESSOR ROGÉRIO PEDRO BATISTA,97,87.78683599031513,97.99512704233813,101.12623681189748,9.213164009684874
2025,625801,EDI PROFESSORA ROSENICE ROCHA ROQUE,131,114.47814600427323,127.7924533029748,164.55996717572407,16.521853995726772
2025,625802,EDI WESLEY GUILBER RODRIGUES DE ANDRADE,325,237.61700896044866,265.2607602626339,343.8292051604514,87.38299103955134
2025,625803,EDI PROFESSORA BEATRIZ DE SOUZA MADEIRA,219,193.5025584383698,216.01279087134003,260.1702274342453,25.49744156163021
2025,625804,EDI PROFESSORA HELIA LÚCIA MORENO FERREIRA,270,220.69751089013945,246.37237071308436,290.50809847781454,49.302489109860545
2025,625807,EDI FROTA PESSOA,49,42.51796342994894,47.45841502904876,77.22367174726716,6.482036570051058
2025,625813,EDI PROFESSORA GRACÍLIA ROSA DE BELÉM MAYOR,22,118.58570384334548,132.37799988870083,32.17652989469465,96.58570384334548
2025,625814,EDI PROFESSORA ROSEANE VASCONCELOS,103,119.84962047734462,133.78899612042986,143.41539038778183,16.849620477344615
2025,625815,EDI PROFESSORA KRISTINA ROMOLO KIFFER,165,183.0683552914443,204.3643784705216,220.63906213504904,18.068355291444306
2025,625816,EDI PROFESSORA REGINA CELI RABELO DE ALMEIDA,243,196.3483616069444,219.18975499034104,271.20218054099774,46.651638393055606
2025,625817,EDI PROFESSORA DANIELE SIMÕES DE SOUZA LOPES,242,217.21888613429462,242.4889446772494,287.75011020112646,24.78111386570538
2025,625818,EDI MARIA EUGENIA CANELHAS,230,190.18251358308154,212.30639842560188,243.62229777411667,39.817486416918456
2025,625819,EDI MARIZA ALVES PIMENTA,253,223.7018207573561,249.7262866962292,320.8459695213838,29.298179242643897
2025,625820,EDI BETH CARVALHO,272,245.5032907489178,269.9844136971782,326.36194607476,26.496709251082194
2025,7001,CP CRECHE NOVO PALMARES,219,201.6222219092484,209.31107807869924,251.896262604181,17.377778090751605
2025,7002,CP CRECHE CANTINHO FELIZ,220,222.89884502998734,231.39447984418223,278.5568159454994,2.898845029987342
2025,7003,CP CRECHE ESCOLA MÃE ASTÉRIA,658,530.1563327197813,550.3025403633594,662.8365158307098,127.84366728021871
2025,7004,CP CASA EMILIEN LACAY,201,206.75702397654797,214.64058477011005,258.3315685831199,5.75702397654797
2025,7007,CP SEMENTE DE AMOR,170,167.16429221592375,173.5465426360132,208.68777960273388,2.8357077840762486
2025,7008,CP CRECHE SÃO PAULO APÓSTOLO,138,135.67625862574747,140.8644987316074,169.1566143035376,2.323741374252535
2025,7010,CP CRECHE NOVA ESPERANÇA,88,110.08567241271031,114.30350519361473,136.98008440884294,22.08567241271031
2025,7011,CP CRECHE RITA ALEXANDRINA FERREIRA,117,115.93098014375047,120.37047266968872,144.33471981334458,1.0690198562495254
2025,7013,CP ESPAÇO DE EDUCAÇÃO INFANTIL CIDADE DE DEUS,673,528.6848324138944,548.7752441034839,660.9978569795844,144.31516758610564
2025,7014,CP CENTRO INTEGRADO SÃO JOSÉ,712,552.9655470363003,573.9766281948305,691.3357280231536,159.03445296369966
2025,7015,CP CRECHE CANTINHO FELIZ II,323,260.33756167796906,270.2528100686491,325.4426166491973,62.66243832203094
2025,7017,CP CRECHE RAIMUNDA NONATA DA SILVA,90,102.05301219610949,105.96623502895486,126.8674607276532,12.053012196109492
2025,7018,CP CRECHE SANT ANA IRMÃ ANCILA,150,160.57032971937073,166.70254236513586,200.41381477266955,10.570329719370733
2025,7019,CP JARDIM ESCOLA TURMINHA DA ARCA - JETA,291,218.49597769691448,226.8246625060772,273.0408393921232,72.50402230308552
2025,7020,CP JARDIM ESCOLA CRESCENDO E APRENDENDO,260,292.6545990382453,303.79524969686497,365.8931113739563,32.654599038245294
2025,7025,CP INSTITUTO CONSUELO PINHEIRO,177,166.4315508908677,172.78601638867923,207.7684501771712,10.568449109132303
2025,7027,CP CRECHE MUNDO MÁGICO I,207,259.60324905634707,269.4906536174052,324.5232872236346,52.60324905634707
2025,7034,CP INSTITUTO EDUCACIONAL DIVA ALVES,349,237.57779894282888,246.6300362171841,296.9434044567535,111.42220105717112
2025,7035,CP AEMMAC - ANIL,274,200.15525294921082,207.78848362516177,250.0576037530556,73.84474705078918
2025,7036,CP CAAD UNIVERSO ENCANTADO,427,394.08214046074335,409.068716102416,492.7605721016096,32.91785953925665
2025,7037,CP CAAD UNIVERSO DA CRIANÇA,483,427.9081915770171,444.1773778567068,535.0497256774939,55.09180842298292
2025,7038,CP CAAD UNIVERSO DAS FLORES,541,383.788662431121,398.3849313599972,479.8899601437317,157.211337568879
2025,7039,CP CRECHE JARDIM CLARICE,217,237.57779894282888,246.6300362171841,296.9434044567535,20.577798942828878
2025,7040,CP CRECHE VALE DO SOL PRAÇA SECA,887,636.8582738289316,661.0503742234406,796.1392825373019,250.1417261710684
2025,7041,CP CRECHE VALE DO SOL TAQUARA,531,390.40581815220867,405.2529955180398,488.163924973796,140.59418184779133
2025,7042,CP INSTITUTO EDUCACIONAL DIVA ALVES II,717,614.0434068186071,637.3704202161196,767.640070344858,102.95659318139292
2025,7043,CP ESPAÇO DE EDUCAÇÃO INFANTIL PEQUENO APRENDIZ,286,197.22147645901205,204.7434621986716,246.3802860508048,88.77852354098795
2025,7044,CP CRECHE AMOR DE MÃE,512,291.91997460330066,303.03276970798976,364.9737819483936,220.08002539669934
2025,7045,CP JARDIM ESCOLA TURMINHA DA ARCA - JETA II,177,164.96612631861836,171.26502414372882,205.92979132604577,12.033873681381635
2025,716601,CM OTÁVIO HENRIQUE DE OLIVEIRA,892,669.4839855696122,747.3833268272062,1034.2456037580423,222.51601443038783
2025,716602,CM TIA TEREZA,121,160.93761959899797,179.65832949120352,154.44734349453432,39.93761959899797
2025,716603,CM CRIANÇA DO FUTURO,714,644.6429987401987,719.6516385022046,788.7846471328003,69.35700125980134
2025,716604,CM GERMINIO DE SOUZA ESTRELA,198,225.28305211301043,251.49152309135832,240.86430949742856,27.283052113010427
2025,716605,CM SEMPRE VIDA NISE DA SILVEIRA,384,455.57946084624103,508.5871129879913,379.68305275739687,71.57946084624103
2025,716606,CM AMIGUINHOS DA VILA SAPÊ,461,404.0077670274217,451.0141130538638,498.2765486549858,56.99223297257828
2025,716607,CM EMÍLIA JOANA DA FONSECA MARQUES,322,357.50132648402814,399.0958010022253,351.183840564953,35.50132648402814
2025,716608,CM IRMÃ DULCE,276,390.8780778760335,436.3565453899911,303.3787104356924,114.8780778760335
2025,716609,CM RIO NOVO - RIO DAS FLORES,1217,954.460346387105,1065.521880695314,1469.0884220492014,262.539653612895
2025,716610,CM TIA MALU,250,246.4725184594635,275.146769460518,341.07121688376327,3.527481540536513
2025,716611,CM VITORINO FREIRE,241,258.3330073216867,288.38744208612087,234.4290035184896,17.333007321686694
2025,716612,CM TIA AUTA,150,158.72475274511172,177.1879553818014,162.72130832459865,8.724752745111715
2025,716613,CM MARIA DA CONCEIÇÃO SILVEIRA DE CARVALHO,555,538.3212047562063,600.9573663776898,772.2367174726716,16.67879524379373
2025,716614,CM AUGUSTO DE CARVALHO TORRES FILHO,602,557.1484935551795,621.9755532884822,672.9491395118995,44.85150644482053
2025,716801,EDI DOUTORA ZILDA ARNS,285,323.65194823050564,361.3074310876527,396.2309824175255,38.65194823050564
2025,716802,EDI ARTHUR BISPO DO ROSÁRIO,213,213.74031649755096,238.6055801783365,298.7820633078789,0.740316497550964
2025,716803,EDI COMPOSITOR ROBERTO RIBEIRO,323,453.52286363820184,506.2911932255357,465.1806893347284,130.52286363820184
2025,716804,EDI RODRIGO LOPES (TIKINHO),148,140.70736107035026,157.0739130561263,183.86588511254087,7.2926389296497405
2025,716805,EDI ANNA MARIA NIEMEYER,451,335.8311502393202,374.9039050602264,501.0345369316738,115.16884976067979
2025,716806,EDI PROFESSORA EDILIA COELHO GARCIA,256,298.66183891340233,333.4092674716959,285.911451350001,42.661838913402335
2025,716807,EDI LEILA DINIZ,729,344.2144029447375,384.2627019026185,404.5049472475899,384.7855970552625
2025,716808,EDI PROFESSORA MARIA BERENICE PARENTE,394,465.86251183310907,520.0667843067466,532.2917374008058,71.86251183310907
2025,716809,EDI PROFESSOR ROBERTO LUIZ PEREIRA,243,287.2744262338219,320.69672198099926,254.6542508808691,44.274426233821885
2025,716813,EDI PROFESSORA KENIA MENDES DOS SANTOS,260,296.6057544585315,331.1139201514366,364.0544525228309,36.60575445853152
2025,716814,EDI PROFESSORA EMILIA MARIA VIEIRA DE OLIVEIRA,818,308.78424677816224,344.7096018166565,452.3100773768505,509.21575322183776
2025,716815,EDI EVARISTO DA VEIGA,207,255.9608719250365,285.73926555636285,219.71973270948632,48.960871925036514
2025,716816,EDI DEBRET,240,266.08210753959037,297.0382911773645,242.70296834855395,26.082107539590368
2025,716818,EDI PROFESSORA CLÁUDIA PIRES CONTINO DA SILVA,674,737.5212656604742,823.337984333118,879.798260263508,63.52126566047423
2025,716819,EDI PROFESSORA NORMA ANDRADE NOGUEIRA,571,667.7435243555584,745.4403312342047,786.0266588561121,96.7435243555584
2025,716820,EDI MEDALHISTA OLÍMPICA ÁGATHA BEDNARCZUK RIPPEL,606,648.9149935132281,724.4207577152603,720.7542696411601,42.91499351322807
2025,716821,EDI MEDALHISTA PARALÍMPICO FELIPE DE SOUZA GOMES,509,584.9943411885142,653.0617726966806,623.3053505315135,75.99434118851423
2025,716822,EDI MARCELO PARENTE GOMES DE OLIVEIRA,415,464.75510122538924,518.8305062984562,552.5169847631853,49.75510122538924
2025,724601,CM MARIA VIEIRA BAZANI,260,340.4181968625034,380.0247381014846,407.262935524278,80.41819686250341
2025,724602,CM DINA SFAT,131,172.0025419423812,192.0108565977389,184.7852145381036,41.002541942381214
2025,724603,CM BENEDITA SIQUEIRA LOPES,242,257.22600852758876,287.1516238316287,319.9266400958211,15.22600852758876
2025,724604,CM EDSON LUIZ,105,165.3634740709401,184.5992125381997,162.72130832459865,60.3634740709401
2025,724605,CM SEBASTIÃO BERNARDES DE SOUZA PRATA,267,324.9173060788733,362.72003636601016,457.8260539302268,57.91730607887331
2025,724606,CM ROGÉRIO CARDOSO FURTADO,286,353.07231785180596,394.1513965447625,466.1000187602911,67.07231785180596
2025,724801,EDI MILENA SANTOS NASCIMENTO,350,365.72671516830354,408.27836348239737,440.35879484453534,15.726715168303542
2025,724802,EDI PORFIRIO DIAS,76,79.57767330188078,88.83068049167196,78.14300117282987,3.577673301880779
2025,724803,EDI VERA LUCIA MARTINS COSTA,176,191.76347929519955,214.07133824591807,249.1382743274929,15.763479295199545
2025,724804,EDI PROFESSORA MATILDE ROSA LOPES DE ARAUJO,366,384.55060249161954,429.29275298201503,570.9035732744394,18.550602491619543
2025,724805,EDI TRISTÃO DE ATHAYDE,100,121.74554005292397,135.9055402909092,153.52801406897163,21.74554005292397
2025,724806,EDI PROFESSORA RUTH CARDOSO,93,150.66395704396828,168.18913970900678,161.80197889903596,57.66395704396828
2025,724807,EDI CARMEN MIRANDA,332,329.34608405844205,367.6641833202741,405.4242766731526,2.6539159415579547
2025,724808,EDI AMOR,150,181.32938723447415,202.42304986686983,184.7852145381036,31.329387234474154
2025,724809,"EDI UGOCIONE JOSÉ DE MEDEIROS ""SEU UGO""",72,82.26120798052283,91.82649269949732,97.44891910964664,10.261207980522826
2025,734601,CM LUZES DO AMANHÃ,190,162.51826371355276,181.42291026339691,250.9769331786183,27.481736286447244
2025,734602,CM MARGARIDA GABINAL,122,158.4086322904431,176.83504857016536,168.23728487797487,36.40863229044311
2025,734603,CM SEMPRE VIDA JOSUÉ,84,107.84345348404585,120.38569422322716,115.83550762090076,23.843453484045853
2025,734801,EDI JARDIM DO AMANHÃ,208,198.87800236194403,222.01376545226844,271.20218054099774,9.121997638055973
2025,734802,EDI SENHORA PERCILIANA PEREIRA DE ALVARENGA,721,516.488209071306,576.5837038255439,717.996281364472,204.51179092869404
2025,734803,EDI ANA CAROLINA PACHECO DA SILVA,97,125.22152673599334,139.78602102218673,139.73807268553105,28.221526735993336
2025,734804,EDI MARIA BERALDA,237,227.4967937650373,253.962873865815,296.0240750311908,9.503206234962704
2025,734805,EDI MONSENHOR CORDIOLI,148,191.76347929519955,214.07133824591807,201.33314419823225,43.763479295199545
2025,8002,CP CRECHE ESPÍRITA FRANCISCO DE ASSIS,71,53.314945611364216,55.37975513817646,65.272389214952,17.685054388635784
2025,8003,CP CRECHE CRIANÇA JABOUR,164,150.31644686154513,156.0598386319516,187.54320281479167,13.683553138454869
2025,8004,CP CRECHE COMUNITÁRIA NINO,449,370.555252705184,384.6497387441877,463.342030483603,78.44474729481601
2025,8005,CP CRECHE E ESCOLA COMUNITÁRIA GENTE INOCENTE - REALENGO,309,265.47796989632525,275.5881333579147,331.8779226281363,43.52203010367475
2025,8006,CP FUNDAÇÃO CASA DA JOANINHA - CRECHE,134,107.16405045855949,111.27109169400504,133.3027667065921,26.835949541440513
2025,8007,CP CRECHE E ESCOLA COMUNITÁRIA GENTE INOCENTE - BANGU,479,417.61259677849796,433.491396540094,522.179113719616,61.38740322150204
2025,8008,CP ASSOCIAÇÃO DE MORADORES DO CONJUNTO PEDRO I E ADJACÊNCIAS,45,43.92615905745213,45.63479892620136,53.32110668263685,1.0738409425478679
2025,8009,CP ASSOCIAÇÃO RECREATIVA PINGUINHO DE GENTE,555,469.8316725864839,487.690504761705,587.451502934568,85.16832741351612
2025,8010,CP ASSOCIAÇÃO CENTRO EDUCACIONAL REBRAL III,557,477.18753328587184,495.32528330244537,596.644797190195,79.81246671412816
2025,8011,CP ESPAÇO DE EDUCAÇÃO INFANTIL BATAN,202,178.8906483525913,185.7175508625353,223.39705041173715,23.109351647408687
2025,8013,CP CENTRO EDUCACIONAL LUIZA,294,272.0876141863571,282.44840333847924,340.1518874582006,21.912385813642913
2025,8014,"CP DO.RA., A AVENTUREIRA",216,184.02231087764767,191.043800388402,229.8323563906761,31.97768912235233
2025,8015,CP CEM CRECHE ESCOLA MACHADO,205,153.9780472471458,159.86028491313954,192.1398499426052,51.02195275285419
2025,8016,CP ASSOCIAÇÃO CENTRO EDUCACIONAL REBRAL VI,454,413.2003832559162,428.9118814575471,516.6631371662398,40.79961674408378
2025,8017,CP ASSOCIAÇÃO CRECHE ESPERANÇA - REALENGO,232,261.80621069738476,271.7771476408841,327.28127550032275,29.806210697384756
2025,8018,CP CRECHE COMUNITÁRIA ESTRELINHA,203,187.6882612299809,194.848759320932,234.4290035184896,15.311738770019105
2025,8019,CP ESCOLA COMUNITÁRIA JARDIM ARCO-ÍRIS - UNIDADE II,182,175.2256744130755,181.91360489831715,218.80040328392363,6.774325586924505
2025,8021,CP ASSOCIAÇÃO RECREATIVA MUNDO MÁGICO DA TIA NATY,197,201.6222219092484,209.31107807869944,251.896262604181,4.622221909248395
2025,8022,CP ASSOCIAÇÃO CRECHE ESPERANÇA - MAGALHÃES BASTOS,146,161.3029117467172,167.46290335891553,201.33314419823225,15.3029117467172
2025,8023,CP CRECHE COMUNITÁRIA IRMÃ MARIA DE LOURDES,152,147.38759040833375,153.01992128995352,183.86588511254087,4.61240959166625
2025,8024,CP CEM CRECHE ESCOLA MACHADO - UNIDADE I,128,132.7495366130056,137.82679545459635,165.47929660128676,4.749536613005603
2025,8025,CP ASSOCIAÇÃO RECREATIVA MONIZ BARRETO,56,53.314945611364315,55.37975513817646,65.272389214952,2.6850543886356846
2025,8027,CP CENTRO EDUCACIONAL MUNDO DA MÔNICA,56,52.591490815597325,54.628857732052985,64.3530597893893,3.408509184402675
2025,817202,CIEP AMILCAR CABRAL,145,122.69351947231685,136.96383429460548,180.18856741029003,22.30648052768315
2025,817504,CIEP ANTONIO EVARISTO DE MORAES,198,142.2877050473878,158.83815873530042,215.1230855816728,55.71229495261221
2025,817505,CIEP MARECHAL JULIO CAETANO HORTA BARBOSA,103,75.00045147711641,83.72081668191929,101.12623681189748,27.999548522883586
2025,817601,CM JOSÉ FÉLIX,403,348.0106351764374,388.5006948972973,487.24459554823335,54.989364823562596
2025,817602,CM VILA PROGRESSO,372,239.04019627704082,266.8495613240739,377.8443939062715,132.95980372295918
2025,817603,CM DENTE DE LEITE,376,318.74871783892564,355.8336205452142,403.5856178220272,57.25128216107436
2025,817604,CM DRAMATURGO ALFREDO DE FREITAS DIAS GOMES,156,166.31189176627865,185.6579958646912,230.7516858162388,10.311891766278649
2025,817605,CM MANÉ GARRINCHA II,239,250.58410058056293,279.7368089971624,278.5568159454994,11.584100580562932
2025,817606,CM MEIMEI,117,122.8515172939006,137.14021802604515,103.88422508858558,5.851517293900599
2025,817607,CM MULHERES DO QUAFÁ,492,346.27069219418627,386.5582778584077,505.6311840594874,145.72930780581373
2025,817608,CM NOVA ALIANÇA,161,289.3304626269316,322.9920156442355,357.619146543892,128.3304626269316
2025,817609,CM RECANTO FELIZ,369,362.87945268000726,405.09977014122313,388.8763470130239,6.120547319992738
2025,817610,CM SEMPRE VIDA FAZENDA COQUEIROS,128,153.66693008267507,171.54156319116737,150.7700257922835,25.666930082675066
2025,817611,CM TIA ELZA,99,100.10401508137151,111.74563222323874,107.5615427908364,1.1040150813715144
2025,817612,CM VILA KENNEDY,398,284.2694698170982,317.3420841727191,381.5217116085223,113.73053018290182
2025,817613,CM CÉLIA ALENCAR,175,205.51847254282833,229.42697511692927,190.30119109147975,30.518472542828334
2025,817614,CM FAZENDA COQUEIROS II,246,232.87310744653124,259.96481947686283,297.8627338823162,13.126892553468764
2025,817615,CM VILA UNIÃO DA PAZ,163,140.0752310320183,156.36822321659054,147.0927080900327,22.92476896798169
2025,817616,CM PROFESSORA MARIA ASSUMPÇÃO,47,78.15707623037427,87.24477141612127,79.06233059839256,31.157076230374273
2025,817617,CM JOSÉ MANOEL IBARRA PEREZ,219,233.66375160200442,260.84746946778625,280.3954747966248,14.663751602004425
2025,817618,CM JANETE CLAIR,170,154.77330942317303,172.77668986044927,210.52643845385927,15.226690576826968
2025,817619,CM PROFESSORA REGINA MARIA DA MATTA MONTEZANO,208,185.75588938461044,207.3646560159937,220.63906213504904,22.24411061538956
2025,817801,EDI PROFESSORA TÂNIA MARIA LARRUBIA GOMES,321,231.29182658451114,258.1995278112295,286.8307807755637,89.70817341548886
2025,817802,EDI PROFESSOR REINALDO JOSÉ DE ARAGÃO BARBOSA,145,159.19893502375535,177.71731738184093,198.5751559215441,14.198935023755354
2025,817803,EDI JOSÉ EPHIM MINDLIN,303,263.8680598287267,294.56659871022185,330.9585932025735,39.1319401712733
2025,817804,EDI PROFESSORA EDITH MARQUES DE SOUZA,324,251.37479614310803,280.6195163804152,315.3299929680076,72.62520385689197
2025,817805,EDI RAFAEL PEREIRA DA SILVA,106,97.73504713232344,109.1009920548224,109.4002016419618,8.264952867676556
2025,817806,EDI PROFESSORA MARIA YEDDA LEITE LINHARES,149,178.1676780262564,198.89341831867293,228.9130269651134,29.167678026256397
2025,817807,EDI MARIA DO CARMO SOUZA PIRAN,168,161.25374677705432,180.01124380922997,217.8810738583609,6.746253222945683
2025,817808,EDI PROFESSOR ANTONIO FLAVIO PIERUCCI,377,309.4169051008845,345.41588145606585,399.9083001197764,67.58309489911551
2025,817809,EDI REPÚBLICA ÁRABE UNIDA,64,60.48545209084057,67.51673756695767,53.32110668263685,3.5145479091594325
2025,817810,EDI VILA DO VINTÉM,143,156.66998517398812,174.8940782820476,189.38186166591709,13.669985173988124
2025,817814,EDI PROFESSORA GIOVANA BANSI,363,342.6326471994025,382.4968800672716,405.4242766731526,20.367352800597473
2025,817815,EDI SENHOR JOÃO GOMES,337,272.40803931803464,304.1003602816341,379.68305275739687,64.59196068196536
2025,833505,CIEP ARACY DE ALMEIDA (CANTORA),25,35.7494519339213,39.90227079377284,30.337871043569244,10.7494519339213
2025,833601,CM CASA DE REALENGO,398,356.2358920432204,397.6831102152043,451.39074795128784,41.76410795677958
2025,833602,CM JULINHO CACAU,296,343.5817000995129,383.5563725577017,352.10316999051577,47.58170009951289
2025,833603,CM SILVEIRINHA,287,317.1670413923763,354.0678872400249,376.9250644807088,30.16704139237629
2025,833801,EDI GESSICA GUEDES PEREIRA,69,112.7404151734808,125.8525060283355,103.88422508858558,43.7404151734808
2025,833802,EDI PROFESSORA ZENA ELIAN,139,240.1471250171804,268.0853013684291,197.65582649598144,101.1471250171804
2025,833803,EDI FREI ORLANDO,192,230.81744427849486,257.6699424914717,189.38186166591709,38.81744427849486
2025,833805,EDI DEODORO,89,142.44574091215242,159.01458494114885,102.96489566302289,53.44574091215242
2025,833806,EDI PROFESSOR CRISTIANO PINTO DE MORAES BISPO,324,307.9934251441643,343.82675368457785,353.02249941607846,16.00657485583571
2025,833807,EDI LUIZA PAULA DA SILVEIRA MACHADO,256,272.5661891204386,304.27691369274163,247.29961547636748,16.566189120438594
2025,833808,EDI PROFESSORA VANUZIA BASTOS DA SILVA,166,199.9847311769945,223.24928229318328,154.44734349453432,33.9847311769945
2025,833809,EDI PROFESSORA MARIA CECILIA FERREIRA,157,198.24558887912278,221.30775915914668,193.0591793681679,41.24558887912278
2025,833810,EDI MEDALHISTA OLÍMPICO SERGIO DUTRA DOS SANTOS,209,209.94557824532583,234.3692550979864,214.2037561561101,0.9455782453258337
2025,833811,EDI MEDALHISTA OLÍMPICA RAFAELA LOPES SILVA,310,267.50543179945095,298.6272451258706,232.5903446673642,42.494568200549054
2025,9001,CP CRECHE COMUNITÁRIA SANTA RITA,56,102.78301375546197,106.72391948794755,127.7867901532159,46.783013755461965
2025,9002,CP CRECHE SAGRADA FAMÍLIA,40,72.90428180639289,75.71208666111399,90.09428370514502,32.90428180639289
2025,9003,CP CRECHE SÃO JORGE,47,43.205587430474296,44.88688897493016,52.401777257074144,3.7944125695257043
2025,9004,CP CRECHE E PRÉ-ESCOLA CANTINHO DO SABER,158,137.87160501223292,143.14309243185176,171.9146025802257,20.12839498776708
2025,9007,CP INSTITUTO AVELINO - CAMPO GRANDE,17,42.4852880857458,44.13926110665887,51.48244783151144,25.4852880857458
2025,9008,CP CRECHE COMUNITÁRIA ANA & LU,60,74.35877581246562,77.22174307072886,91.93294255627043,14.358775812465623
2025,9009,CP CRECHE COMUNITÁRIA CRIANÇAS DE OURO,159,168.6298321071249,175.0676545125477,210.52643845385927,9.629832107124912
2025,9010,CP CRECHE JARDIM ESCOLA RIO DA PRATA,153,167.16429221592375,173.5465426360132,208.68777960273388,14.164292215923751
2025,9011,CP CRECHE NOVA JERUSALÉM EM CAMPO GRANDE,212,191.35459187439986,198.6541127891887,239.02565064630315,20.64540812560014
2025,9012,CP CRECHE COMUNITÁRIA TIA NEIDE - CAMPO GRANDE,170,174.49273134440725,181.15286936028895,217.8810738583609,4.492731344407247
2025,9013,CP CRECHE COMUNITÁRIA SOL DO SABER,301,252.99480027574987,262.6316240795521,316.24932239357025,48.00519972425013
2025,9014,CP INSTITUTO DE ENSINO AVANÇADO,221,185.48864443195814,192.56573563013455,231.6710152418015,35.511355568041864
2025,9017,CP ESPAÇO CRESCER,236,192.8212273780911,200.17636129016725,240.86430949742856,43.178772621908905
2025,9018,CP ESPAÇO DE DESENVOLVIMENTO CARIOQUINHA,213,158.3727087391214,164.42158916138794,197.65582649598144,54.62729126087859
2025,9019,CP ASSOCIAÇÃO DE MORADORES UNIÃO DAS BASES DE URUCÂNIA E ADJACÊNCIAS - COSMOS,121,108.62477166071103,112.78720533595894,135.14142555771753,12.375228339288967
2025,9020,CP ASSOCIAÇÃO DE MORADORES UNIÃO DAS BASES DE URUCÂNIA E ADJACÊNCIAS - CAMPO GRANDE,56,59.1087322691483,61.3933063879413,72.62702461945364,3.108732269148298
2025,9021,CP INSTITUTO CRESCER & APRENDER,332,227.30210161758308,235.96470104428204,284.07279249887563,104.69789838241692
2025,9022,CP ESPAÇO CRIATIVO CASTELINHO RINALDI,237,189.88801491673127,197.1319250275602,237.18699179517773,47.111985083268735
2025,9023,CP ESPAÇO CRIATIVO SALOMÃO,172,174.49273134440725,181.15286936028895,217.8810738583609,2.4927313444072468
2025,9024,CP CRECHE COMUNITÁRIA DOCE INFÂNCIA,196,184.02231087764767,191.043800388402,229.8323563906761,11.97768912235233
2025,9025,CP INSTITUTO Ô LUAR,113,102.05301219610949,105.96623502895486,126.8674607276532,10.946987803890508
2025,9026,CP CRECHE COMUNITÁRIA LEÃOZINHO FELIZ,207,177.42460762349893,184.1959194090236,221.5583915606117,29.57539237650107
2025,9027,CP INSTITUTO FRUTIFICAR,152,113.00799406315929,117.33664437305464,140.65740211109377,38.99200593684071
2025,9028,CP CRECHE COMUNITÁRIA ALÉM DO ARCO-ÍRIS,215,228.76993772487094,237.48819517182483,285.911451350001,13.769937724870942
2025,9029,CP INSTITUTO CRECHE DO PAPAI,237,196.4880665467624,203.98224233449116,245.4609566252421,40.51193345323759
2025,9030,CP ESPAÇO DE DESENVOLVIMENTO PEDRITA,146,162.0355143121039,168.22328565844737,202.2524736237949,16.035514312103913
2025,9031,CP ESPAÇO CRIATIVO TURMINHA DO BAIRRO,136,142.9950474918864,148.46081472890907,178.34990855916462,6.995047491886396
2025,9032,CP SOLDADINHOS DE DEUS,91,132.7495366130056,137.82679545459635,165.47929660128676,41.7495366130056
2025,9033,CP TEMPO DE CRIANÇA,121,91.10951555519772,94.6077366801272,113.07751934421265,29.890484444802283
2025,9034,CP CRECHE COMUNITÁRIA ARTE DA CRIANÇA,111,132.01793080768687,137.06744711720418,164.55996717572407,21.017930807686867
2025,9035,CP INSTITUTO CRESCER E APRENDER - FILIAL,108,94.75591316973541,98.3924150850714,117.67416647202616,13.244086830264592
2025,9036,CP INSTITUTO CONSTRUINDO AMANHÃ,344,394.0821404607437,409.068716102416,492.7605721016096,50.08214046074369
2025,9037,CP CRECHE COMUNITÁRIA AURINA,56,69.26980252951967,71.93976587894677,85.4976365773315,13.269802529519666
2025,9038,CP CEM CRECHE ESCOLA MACHADO UNIDADE II,154,231.70573261925935,240.53531071182476,289.58876905225185,77.70573261925935
2025,9039,CP CRECHE COMUNITÁRIA ESTRELINHA DO SABER,140,148.11976828215876,153.77986303297942,184.7852145381036,8.11976828215876
2025,9040,CP CRECHE E ESCOLA COMUNITARIA GENTE BAIXINHA - UNIDADE COSMOS,249,237.57779894282888,246.6300362171844,296.9434044567535,11.422201057171122
2025,9041,CP CRECHE COMUNITÁRIA PEQUENOS PASSOS,114,111.54674804393993,115.8199864247535,138.81874325996836,2.453251956060072
2025,9042,CP CRECHE PEQUENA CANAÃ,60,65.63804356962831,68.17026522281797,80.90098944951798,5.638043569628309
2025,9043,CP CRECHE COMUNITÁRIA RIBEIRO,109,106.43375869965595,110.51310627039008,132.38343728102942,2.5662413003440463
2025,9044,CP CRECHE COMUNITÁRIA JARDIM FELIZ,250,277.96334911951016,288.5469352946803,347.50652286270224,27.963349119510156
2025,9045,CP CRECHE COMUNITÁRIA PINTANDO SONHOS,107,77.26888489974878,80.2422181977106,95.61026025852124,29.731115100251216
2025,9046,CP CRECHE COMUNITÁRIA URSINHO PIMPÃO,310,219.2297612312095,227.5862700023029,273.9601688176859,90.7702387687905
2025,918601,CM ALEGRIA DE NOVA CIDADE,288,298.1873569759937,332.8795709210248,262.92821571093344,10.18735697599368
2025,918602,CM VITÓRIA DA PAZ,126,205.51847254282833,229.42697511692927,121.35148417427698,79.51847254282833
2025,918603,CM SEMPRE VIDA ELZA RABELO DE ANDRADE,98,86.83952197744486,96.93757597254788,92.85227198183313,11.16047802255514
2025,918604,CM VERA PACHECO JORDÃO,48,67.11062888360321,74.91287187971731,64.3530597893893,19.110628883603212
2025,918605,CM SEMPRE VIDA PROFESSORA EUGENIA MARIA VELOSO MARCHESE,99,114.00421444372354,127.26337122416794,120.43215474871428,15.00421444372354
2025,918606,CM CECÍLIA MEIRELES,175,236.8263526656091,264.37809671895315,299.7013927334416,61.82635266560911
2025,918607,CM SONHO FELIZ,316,282.8460777616811,315.7530545358017,411.8595826520916,33.1539222383189
2025,918608,CM JARDIM MONTE SANTO,125,238.4076676348361,266.1434264629122,191.2205205170425,113.40766763483609
2025,918609,CM ADÉLIA VIEIRA,123,167.57645954774756,187.0697190850848,213.2844267305474,44.57645954774756
2025,918610,CM ESPERANÇA DO AMANHÃ,63,105.94797213135352,118.26963932720004,68.94970691720282,42.947972131353524
2025,918611,CM MÁRIO LOMBARDI,43,65.84851567680779,73.50388924436525,58.83708323601308,22.848515676807793
2025,918613,CM PROFESSORA FLORA SANTINA FERRARI BRAZ,376,386.6070256985441,431.5884784890532,476.21264244148085,10.607025698544078
2025,918614,CM ZÉLIA CHAUKE CURI,161,204.88603691219967,228.72094409709544,200.41381477266955,43.88603691219967
2025,918615,CM MARCELO CARDOSO TOMÉ,122,118.42771596858069,132.2016272627767,164.55996717572407,3.572284031419315
2025,918616,CM PADRE VALTER DA COSTA SANTOS,285,305.6209687746947,341.17821881418683,299.7013927334416,20.62096877469469
2025,918617,CM CRIANDO O FUTURO,246,394.2000251236768,440.0650617140189,371.4090879273325,148.20002512367682
2025,918618,CM ESPERANÇA DA VILA SÃO JORGE,146,264.34249735860027,295.0962456834147,145.25404923890727,118.34249735860027
2025,918619,CM RAUL CORTEZ,400,396.25647632578415,442.3608184750392,444.95544197234886,3.743523674215851
2025,918620,CM EMILIO IBRAHIM LÁZARO JUBRAM DIB,327,391.6690162982413,437.2395239056689,456.9067245046641,64.66901629824127
2025,918621,CM ELIZABETH TAVARES DE SOUZA - BETINHA,217,240.4633912120529,268.4383708909417,237.18699179517773,23.463391212052898
2025,918801,EDI BIANCA ROCHA TAVARES,153,195.08355454737992,217.77776462808657,193.0591793681679,42.08355454737992
2025,918802,EDI PINTANDO O SETE,198,199.03610607269331,222.190267405188,238.10632122074043,1.0361060726933147
2025,918803,EDI LUDMILA MÁXIMO MOREIRA CARDOSO,96,119.84962047734462,133.78899612042986,137.89941383440564,23.849620477344615
2025,918804,EDI RENAN DE SOUZA LEAL,53,54.96642122063464,61.355469458062665,61.5950715127012,1.9664212206346434
2025,918805,EDI CANTORA CESÁRIA ÉVORA,148,181.17130020349336,202.2465665359984,191.2205205170425,33.17130020349336
2025,918806,EDI COMENDADOR SERAFIM SOFIA,224,289.96309140040194,323.6982622943539,248.2189449019302,65.96309140040194
2025,918807,EDI URBANO DE FREITAS,259,314.00370459105625,350.5364385947389,356.69981711832924,55.00370459105625
2025,918808,EDI PROFESSORA MARTA REGINA PERROTA,206,226.70616938967905,253.0802459580401,234.4290035184896,20.706169389679047
2025,918809,EDI CAMPO GRANDE,39,80.05122097454117,89.35933395072944,65.272389214952,41.05122097454117
2025,918810,EDI DOM BOSCO,145,186.70444163549564,208.42358956722444,211.445767879422,41.70444163549564
2025,918811,EDI ISABEL,14,19.576709458153402,21.8475706258782,31.25720046913195,5.5767094581534025
2025,918812,EDI PROFESSOR JORGE EUCLIDES PEREIRA NUNES,85,106.10592631975749,118.44597434235251,126.8674607276532,21.105926319757486
2025,918813,EDI PROFESSOR MARCO ALTINO DE OLIVEIRA,184,161.56987478074973,180.36415904904865,187.54320281479167,22.43012521925027
2025,918814,EDI PROFESSOR NESTOR MANOEL PINTO,177,197.92938295685101,220.95475692710684,205.01046190048305,20.929382956851015
2025,918815,EDI PROFESSORA SIRLÉIA SILVA REIS,282,268.77061402977426,300.0396543410739,339.2325580326379,13.229385970225735
2025,918816,EDI PROFESSOR JOÃO FERNANDES FILHO,46,58.75069065495738,65.58010578287858,63.433730363826605,12.750690654957381
2025,918817,EDI PROFESSORA EUGENIA DE ALMEIDA AZEVEDO,307,306.09545901870274,341.70792463848414,352.10316999051577,0.9045409812972593
2025,918818,EDI FRANCISCO JOSÉ DE MORAES,101,123.79951165043086,138.19852870686196,110.31953106752452,22.79951165043086
2025,918819,EDI JOARI,18,47.40109103072929,52.90977974729873,42.2891535758844,29.40109103072929
2025,918820,EDI ALMO SATURNINO,30,55.28174004833593,61.70748121631553,58.83708323601308,25.281740048335926
2025,918821,EDI PROFESSORA ENYR PORTILHO DE AVELLAR,169,146.39672196244447,163.4253343522227,211.445767879422,22.603278037555526
2025,918822,EDI PROFESSOR ANDRÉ LUIZ GILS,241,317.64154376742823,354.5976066076031,319.0073106702584,76.64154376742823
2025,918823,EDI PROFESSOR DERSU GABRIEL BICEGO,147,189.3920362798151,211.4239347148307,222.47772098617443,42.3920362798151
2025,918824,EDI ALBERTO FERREIRA PINTO,228,253.43061452471102,282.9145666506886,278.5568159454994,25.430614524711018
2025,918825,EDI PROFESSORA TERESINHA DE JESUS SIQUEIRA BROWN,231,258.49115032953074,288.5639879116234,299.7013927334416,27.49115032953074
2025,918826,EDI PROFESSORA MARLY DOS SANTOS DE OLIVEIRA (MARLY MARINHO),208,290.59572119706,324.40451008677866,294.1854161800654,82.59572119706002
2025,918827,EDI ATAULFO ALVES,178,234.6125278351496,261.9066530814729,171.9146025802257,56.61252783514959
2025,918828,EDI ALYRIO CAVALLIERI,241,289.1723055939608,322.815454160776,319.0073106702584,48.1723055939608
2025,918829,EDI RUBEM AZEVEDO ALVES,143,95.68204338178518,106.80908424290028,99.28757796077208,47.31795661821482
2025,918830,EDI HENRIQUE DIAS,47,83.68199623433512,93.41261523931313,79.98166002395527,36.68199623433512
2025,918831,EDI ELFLODÍZIO DOS SANTOS,233,281.4226911498574,314.16403097622083,308.89468698906865,48.42269114985743
2025,918832,EDI PROFESSORA JACINTHA REIS FERREIRA,367,353.23049615401794,394.3279817735056,364.0544525228309,13.769503845982058
2025,918833,EDI PROFESSOR WILSON CHOERI,175,187.81109293386592,209.65901986511687,188.4625322403544,12.811092933865922
2025,918834,EDI ENGENHEIRA ELAINE MONSORES PIRES,127,179.90660986901375,200.83470649099905,166.39862602684948,52.90660986901375
2025,918835,EDI MEDALHISTA OLÍMPICO ARTHUR NORY OYAKAWA MARIANO,254,301.35058008976614,336.4108926437366,345.6678640115768,47.35058008976614
2025,918836,EDI MEDALHISTA OLÍMPICO RAFAEL CARLOS DA SILVA,325,360.506744041528,402.4509536346108,427.4881828866575,35.50674404152801
2025,918837,EDI MEDALHISTA OLÍMPICO WALLACE LEANDRO DE SOUZA,333,334.40759215000907,373.3146900604395,404.5049472475899,1.4075921500090658
2025,918838,EDI EUSTORGIO WANDERLEY,100,104.52640607958249,116.68264835634184,121.35148417427698,4.526406079582486
2025,918839,EDI DALILA TAVARES,69,92.52377057228469,103.28328938682704,81.82031887508069,23.52377057228469
