ano,codigo_unidade,demanda_observada,nome_unidade,status_em_2025,tem_contexto_creche_2025
2025,10001,116,CP ESCOLA COMUNITÁRIA JARDIM DE INFÂNCIA TIA ANASTÁCIA,continuante,True
2025,10004,38,CP ESCOLA COMUNITÁRIA JARDIM BALÃO MÁGICO,continuante,True
2025,10005,26,CP CRECHE COMUNITÁRIA JARDIM PEDRA AZUL,continuante,True
2025,10006,84,CP CRECHE ESCOLA COMUNITÁRIA ISMÊNIA RIBEIRO,continuante,True
2025,10008,92,CP CRECHE COMUNITÁRIA JARDIM ESPERANÇA,continuante,True
2025,10009,68,CP JARDIM ESCOLA ERNESTO FAGUNDES VARELA,continuante,True
2025,10010,95,CP ESCOLA COMUNITÁRIA JARDIM ARCO-ÍRIS,continuante,True
2025,10011,30,CP CRECHE PINGUINHO DE GENTE,continuante,True
2025,10013,53,CP ESCOLA COMUNITÁRIA ENCANTO DE MARIA,continuante,True
2025,10014,54,CP CRECHE COMUNITÁRIA SÃO JOÃO BATISTA,continuante,True
2025,10018,244,CP CRECHE ESCOLA COMUNITÁRIA SÍTIO ALEGRE,continuante,True
2025,10019,166,CP ESCOLA COMUNITÁRIA JARDIM ALEXANDRINO,continuante,True
2025,10020,112,CP CASA MATERNAL NOSSA SENHORA DE NAZARÉ,continuante,True
2025,10022,203,CP ASSOCIAÇÃO DE MORADORES E AMIGOS DO PARQUE ESTORIL - AMAPE,continuante,True
2025,10023,90,CP CRECHE ESCOLA SOSSEGO DA MAMÃE,continuante,True
2025,10024,170,CP CRECHE COMUNITÁRIA MUNDO ENCANTADO DA CRIANÇA,continuante,True
2025,10026,249,CP CRECHE E ESCOLA COMUNITÁRIA GENTE BAIXINHA I,continuante,True
2025,10027,194,CP CRECHE CASULO AGOSTINHO - SANTA CRUZ,continuante,True
2025,10028,124,CP CRECHE CASULO AGOSTINHO - VERIDIANA,continuante,True
2025,10029,65,CP ASSOCIAÇÃO DE MORADORES DAS MORADAS DO IMPÉRIO,continuante,True
2025,10030,93,CP INSTITUTO AVELINO - GUARATIBA,continuante,True
2025,10032,150,CP CRECHE COMUNITÁRIA MUNDO MÁGICO,continuante,True
2025,10033,69,CP PROJETO QUEBRA CABEÇA,continuante,True
2025,10034,134,CP OS BENEDITINHOS,continuante,True
2025,10035,139,CP ESCOLA COMUNITÁRIA JARDIM DE INFÂNCIA CHAVE DO TAMANHO,continuante,True
2025,10036,157,CP CAAD DONA ZULMIRA TELLES,continuante,True
2025,10037,71,CP CAAD - COMITÊ DE ATENDIMENTO À CRIANÇA E AO ADOLESCENTE,continuante,True
2025,10039,243,CP FUNDAÇÃO KLINGNER PARA O DESENVOLVIMENTO SOCIAL,continuante,True
2025,1004,136,CP CRECHE CANTINHO FELIZ DE SANTA TERESA,continuante,True
2025,10040,219,CP CICIM I,continuante,True
2025,10041,173,CP CRECHE BEZERRA DE MENEZES - SANTA CRUZ,continuante,True
2025,10042,179,CP CICIM II,continuante,True
2025,10043,168,CP CRECHE CANTINHO CASLU,continuante,True
2025,10044,93,CP CRECHE COMUNITÁRIA MAGIA DA CRIANÇA,continuante,True
2025,10045,73,CP ESPAÇO CRIATIVO ERA UMA VEZ,continuante,True
2025,10046,191,CP CRECHE COMUNITÁRIA DEUS É FIEL - CCDF,continuante,False
2025,10047,194,CP CENTRO CULTURAL MONTESSORI - SANTA CRUZ,continuante,True
2025,1005,48,CP CASA MATERNAL CORAÇÃO DE MÃE,continuante,True
2025,10051,244,CP CRECHE COMUNITÁRIA DEUS É FIEL - UNIDADE VI,continuante,False
2025,10052,493,CP CRECHE COMUNITÁRIA DEUS É FIEL - UNIDADE VII,continuante,False
2025,10053,311,CP CRECHE COMUNITÁRIA GÊNIO DO FUTURO,continuante,True
2025,10054,51,CP CRECHE COMUNITÁRIA AQUARELA DO SABER,continuante,True
2025,10055,140,CP ESPAÇO DE DESENVOLVIMENTO MÃE GAIA,continuante,True
2025,10056,100,CP CRECHE MUNDO DA BIBI,continuante,True
2025,10057,358,CP CENTRO CULTURAL MONTESSORI - PACIÊNCIA,continuante,True
2025,10058,261,CP CRECHE ESCOLA COMUNITÁRIA MALLETZINHO,continuante,True
2025,10059,95,CP CRECHE COMUNITÁRIA PLANETA BEBÊ,continuante,True
2025,1006,233,CP CRECHE DO TUIUTI,continuante,True
2025,10060,83,CP CRECHE COMUNITÁRIA JARDIM DO CONHECIMENTO,continuante,True
2025,10061,113,CP CRECHE COMUNITÁRIA ESTRELA DO AMANHÃ,continuante,True
2025,10062,79,CP CENTRO CULTURAL DE DESENVOLVIMENTO INFANTIL JOÃO BATISTA,continuante,True
2025,10063,313,CP CRECHE COMUNITÁRIA UNIVERSO INFANTIL,continuante,True
2025,10064,269,CP CRECHE COMUNITÁRIA CORAÇÃO DE MÃE,continuante,True
2025,10065,94,CP CRECHE MAGIA DA CRIANÇA II,continuante,True
2025,10066,219,CP CRECHE COMUNITÁRIA ARTE & CULTURA,continuante,True
2025,10067,117,CP CRECHE COMUNITÁRIA ARCA DE NOÉ,continuante,True
2025,10068,152,CP CRECHE COMUNITÁRIA TIA NEIDE - GUARATIBA,continuante,True
2025,10069,411,CP CRECHE E ESCOLA COMUNITÁRIA GENTE BAIXINHA II,continuante,True
2025,1007,78,CP EDUCANDÁRIO NOSSA SENHORA DE NAZARÉ,continuante,True
2025,10070,121,CP PEDACINHO DO CÉU,continuante,True
2025,10071,251,CP CRECHE COMUNITÁRIA ARTE & CULTURA - UNIDADE I,continuante,True
2025,10072,219,CP CRECHE COMUNITÁRIA DEUS É FIEL - UNIDADE X,continuante,False
2025,10073,435,CP NINHO CARIOCA,continuante,True
2025,10074,201,CP CRECHE MUNDO MÁGICO II,continuante,True
2025,10075,153,CP CRECHE COMUNITÁRIA PEDACINHO DE CÉU,continuante,True
2025,10076,73,CP ESPAÇO DE DESENVOLVIMENTO MÃE GAIA - UNIDADE I,continuante,True
2025,10077,40,CP CRECHE COMUNITÁRIA CANTINHO DO SABER,continuante,True
2025,10078,72,CP CRECHE COMUNITÁRIA CRIANÇA FELIZ,continuante,True
2025,10079,100,CP CRECHE COMUNITÁRIA DEUS É FIEL - UNIDADE VIII,continuante,False
2025,10080,154,CP ASSOCIAÇÃO CENTRO EDUCACIONAL REBRAL XII (GUARATIBA),continuante,True
2025,10081,228,CP CENTRO EDUCACIONAL ESTRELA DO AMANHÃ,continuante,True
2025,10082,70,CP CRECHE ESCOLA BAIXINHOS SABIDOS,continuante,True
2025,10083,116,CP CRECHE COMUNITÁRIA CRISTÃ CORDEIRINHO DE CRISTO,continuante,True
2025,10084,284,CP CRECHE COMUNITÁRIA AQUARELA DO SABER (GUARATIBA),continuante,True
2025,10085,50,CP CRECHE VIDA,continuante,True
2025,1009,179,CP CRECHE COMUNITÁRIA ANITA WAY,continuante,True
2025,1010,465,CP CENTRO CULTURAL MONTESSORI - SÃO CRISTÓVÃO,continuante,True
2025,101601,122,CM LADEIRA DOS FUNCIONÁRIOS,continuante,True
2025,101602,58,CM VIRGÍNIA LEMOS,continuante,True
2025,101603,255,CM SENNINHA,continuante,True
2025,101604,68,CM SEMPRE VIDA P. CONQUISTA,continuante,True
2025,101605,199,CM CLEMENTE FERREIRA,continuante,True
2025,101606,143,CM QUINTA DO CAJU,continuante,True
2025,101607,259,CM TIA DORA,continuante,True
2025,101801,271,EDI PARQUE DA ALEGRIA,continuante,True
2025,101802,152,EDI MACHADO DE ASSIS,continuante,True
2025,101803,38,EDI ANTÔNIO RAPOSO TAVARES,continuante,True
2025,1019601,29,CM SEMPRE VIDA VALE DO SOL,continuante,True
2025,1019602,151,CM SEMPRE VIDA ANTARES,continuante,True
2025,1019603,137,CM JARDIM DOS VIEIRAS,continuante,True
2025,1019604,63,CM AYRTON SENNA,continuante,True
2025,1019605,57,CM MARLENE DA SILVA CARDOSO,continuante,True
2025,1019606,124,CM TRINTA E UM DE OUTUBRO,continuante,True
2025,1019607,221,CM ADALTO BASTOS,continuante,True
2025,1019609,76,CM CANTINHO DA TIA DOLORES,continuante,True
2025,1019610,56,CM CHAVE DO TAMANHO,continuante,True
2025,1019611,51,CM CRIANÇA FELIZ,continuante,True
2025,1019612,305,CM DANIELA PEREZ,continuante,True
2025,1019613,128,CM DJANIRA MARIA RAMOS,continuante,True
2025,1019614,240,CM INSPETOR HERALDO CARVALHO DE SOUSA,continuante,True
2025,1019615,44,CM MARCOLINA,continuante,True
2025,1019616,60,CM MARIA HELENA PAPERA MONTEIRO,continuante,True
2025,1019618,75,CM LEUZA MARINS NOVAES S. SANTOS,continuante,True
2025,1019619,41,CM SANTA TEREZINHA,continuante,True
2025,1019620,68,CM SEMENTINHA DO AMOR,continuante,True
2025,1019621,48,CM SEMPRE VIDA ESTRELA DO ALAGADO,continuante,True
2025,1019623,243,CM SEMPRE VIDA TERRA DA PAZ,continuante,True
2025,1019624,27,CM ZACARIAS - O TRAPALHÃO,continuante,True
2025,1019625,41,CM NARIZINHO,continuante,True
2025,1019626,52,CM PEDRINHO,continuante,True
2025,1019627,104,CM VOVÓ BENTA,continuante,True
2025,1019628,77,CM IRINÉA DOS SANTOS PAIVA,continuante,True
2025,1019630,69,CM ESTRELA DALVA,continuante,True
2025,1019631,147,CM TIA HILDA MACEDO,continuante,True
2025,1019632,326,CM MIRIAM PIRES,continuante,True
2025,1019633,44,CM MERILUCE DE OLIVEIRA MÜLLER,continuante,True
2025,1019801,217,EDI SARGENTO IZO GOMES PATRÍCIO,continuante,True
2025,1019802,120,EDI LARISSA DOS SANTOS ATANAZIO,continuante,True
2025,1019803,189,EDI LARYSSA SILVA MARTINS,continuante,True
2025,1019804,55,EDI PROFESSORA MARIA LUIZA JOBIM DE QUEIROZ,continuante,True
2025,1019806,64,EDI PROFESSOR RUBEM GONÇALVES,continuante,True
2025,1019807,107,EDI PROFESSOR ANTONIO ALFREDO MERCADANTE,continuante,True
2025,1019808,82,EDI GEÓGRAFO AZIZ AB' SABER,continuante,True
2025,1019809,48,EDI PROFESSORA CARMEN FRAGA DE ARAÚJO,continuante,True
2025,1019810,51,EDI PROFESSORA ROSELE NICOLAU JORGE COUTINHO,continuante,True
2025,1019811,55,EDI PROFESSORA RAQUEL KELLY LANERA,continuante,True
2025,1019815,92,EDI JOÃO CORRÊA,continuante,True
2025,1019818,41,EDI RENÉE BISCAIA RAPOSO,continuante,True
2025,1019820,54,EDI INAIÁ WANDERLEY CARMO,continuante,True
2025,1019821,120,EDI PROFESSORA SOLANGE INÁCIA DE SÁ DE LACERDA,continuante,True
2025,1019822,36,EDI PROFESSORA KATIA MIRANDA SANTOS,continuante,True
2025,1019824,26,EDI PROFESSORA LILIA CHAVES DA COSTA,continuante,True
2025,1019826,140,EDI THAMIRIS DE ANDRADE DA SILVA SANTOS,continuante,True
2025,1019827,200,EDI MEDALHISTA OLÍMPICA POLIANA OKIMOTO,continuante,True
2025,1019828,171,EDI MEDALHISTA OLÍMPICO ERLON DE SOUZA SILVA,continuante,True
2025,1019829,94,EDI ERASMO CARLOS,continuante,True
2025,1019830,109,EDI GAL COSTA,continuante,True
2025,1019831,218,EDI PROFESSORA MARIA MESQUITA DE SIQUEIRA,continuante,True
2025,102601,142,CM SEMPRE VIDA SANTO ANTÔNIO DE PÁDUA,continuante,True
2025,102602,249,CM ANA MARIA DA CRUZ SILVA,continuante,True
2025,102604,292,CM ARCO-ÍRIS,continuante,True
2025,102605,281,CM ALDEIA DOS CURUMINS,continuante,True
2025,102606,279,CM GEORGE SAVALLA GOMES - PALHAÇO CAREQUINHA,continuante,True
2025,1026601,248,CM SONHO DE CRIANÇA,continuante,True
2025,1026602,118,CM NOSSA SENHORA DA GLÓRIA,continuante,True
2025,1026603,116,CM SEMPRE VIDA COLÔNIA DOS PESCADORES,continuante,True
2025,1026604,319,CM JOSEPHA FERREIRA DA COSTA,continuante,True
2025,1026801,36,EDI SAMIRA PIRES RIBEIRO,continuante,True
2025,1026802,387,EDI PROFESSOR MARCOS FLAMÍNIO PORTUGAL PINTO,continuante,True
2025,1026803,99,EDI PADRE CARLOS HENRIQUE DE SOUZA,continuante,True
2025,1026805,330,EDI MEDALHISTA OLÍMPICO IZAQUIAS QUEIROZ DOS SANTOS,continuante,True
2025,1026806,253,EDI MEDALHISTA OLÍMPICO FELIPE ALMEIDA WU,continuante,True
2025,1026807,379,EDI ALFREDO FERNANDO VAZ GUIMARÃES JÚNIOR,continuante,True
2025,1026809,238,EDI MEDALHISTA PARALÍMPICO RICARDO COSTA DE OLIVEIRA,continuante,True
2025,1026810,331,EDI ALCEBÍADES FRANCISCO ROSA,continuante,True
2025,1026811,43,EDI GERMANO THOMÉ DE OLIVEIRA,continuante,True
2025,102802,31,EDI CAMPOS SALLES,continuante,True
2025,102803,53,EDI RACHEL DE QUEIROZ,continuante,True
2025,103601,51,CM ESPAÇO LIVRE DA CRIANÇA,continuante,True
2025,103602,87,CM DIREITOS HUMANOS,continuante,True
2025,103604,107,CM SONHO INFANTIL,continuante,True
2025,103605,123,CM BRINCADEIRAS DE CRIANÇA,continuante,True
2025,103606,102,CM CAMPOS DA PAZ,continuante,True
2025,103607,227,CM ESTÁCIO DE SÁ,continuante,True
2025,103801,134,EDI PROFESSORA SIMONE SOUSA PIMENTEL,continuante,True
2025,103802,175,EDI LILY MARINHO,continuante,True
2025,103804,73,EDI ZÉLIA GATTAI AMADO,continuante,True
2025,103805,86,EDI BEATRIZ VICÊNCIA BANDEIRA RYFF,continuante,True
2025,103806,19,EDI FUNDAÇÃO LEÃO XIII,continuante,True
2025,103807,232,EDI MARIA LUIZA NOBRE - TIA LUIZINHA,continuante,True
2025,107601,67,CM ADALBERTO ISMAEL DE SOUZA,continuante,True
2025,107602,188,CM DEPUTADO LUIZ EDUARDO DE MAGALHÃES,continuante,True
2025,107603,130,CM VOVÓ LUCÍOLA,continuante,True
2025,107604,174,CM HOMERO JOSÉ DOS SANTOS,continuante,True
2025,107605,152,CM EDUARDO MOREIRA DOS SANTOS,continuante,True
2025,107606,154,CM FRANCISCO ALVES,continuante,True
2025,107607,175,CM NAÇÃO MANGUEIRENSE,continuante,True
2025,107608,138,CM SAMORA MACHEL,continuante,True
2025,107609,239,CM VASQUINHO,continuante,True
2025,107610,335,CM ARARA AZUL,continuante,True
2025,107801,48,EDI PROFESSORA DAYSE MALAGOLE,continuante,True
2025,107802,16,EDI MORRO DOS TELÉGRAFOS,continuante,True
2025,107803,45,EDI DOIS DE JULHO,continuante,True
2025,11001,118,CP CRECHE COMUNITÁRIA ALEGRIA DA CRIANÇA,continuante,True
2025,11003,215,CP AMIG - ASSOCIAÇÃO DOS MORADORES DA ILHA DO GOVERNADOR,continuante,True
2025,11004,237,CP CENTRO DE ATIVIDADES EDUCACIONAIS E CULTURAIS ARCA DE NOÉ - CAECAN,continuante,True
2025,11006,391,CP CRECHE CASULO DO DENDÊ,continuante,True
2025,11007,135,CP CRECHE ESFERA KIDS,continuante,True
2025,11008,213,CP FILIAL BANCÁRIOS - RJ,continuante,True
2025,11009,147,CP CRECHE COMUNITÁRIA IRMÃ MOROCHA (CCIM),continuante,True
2025,11010,54,CP CHALÉ SEMENTINHA (ILHA DO GOVERNADOR),continuante,False
2025,1120201,34,CIEP OLGA BENÁRIO PRESTES,continuante,True
2025,1120601,289,CM STELLA MARIS,continuante,True
2025,1120602,274,CM CORA CORALINA,continuante,True
2025,1120603,294,CM DOUTOR ANTÔNIO MONTEIRO,continuante,True
2025,1120604,194,CM MARIA ARMINDA F. SOUZA AGUIAR,continuante,True
2025,1120605,264,CM SEMPRE VIDA LORETO,continuante,True
2025,1120606,364,CM TAUÁ,continuante,True
2025,1120801,135,EDI JOSÉ DE SOUZA RAMOS,continuante,True
2025,1120802,197,EDI NEUSA MARIA GOULART BRIZOLA,continuante,True
2025,1120804,178,EDI PROFESSORA ANNA MARIA JESUS CONCEICAO,continuante,True
2025,121001,56,EM JOAQUIM MANUEL DE MACEDO,continuante,True
2025,123601,130,CM JOSÉ MARINHO DE OLIVEIRA,continuante,True
2025,123603,92,CM FALLET,continuante,True
2025,123801,14,EDI HELOÍSA MARINHO,continuante,True
2025,2001,62,CP CRECHE ESPAÇO SEMENTE,continuante,True
2025,2002,38,CP EDUCANDÁRIO CASA DE JACIRA,continuante,True
2025,2003,135,CP CENTRO COMUNITÁRIO DA RUA UM UNIÃO FAZ A FORÇA,continuante,True
2025,2004,293,CP AÇÃO SOCIAL PADRE ANCHIETA - ASPA,continuante,True
2025,2005,61,CP ESCOLA COMUNITÁRIA DO CANTAGALO,continuante,True
2025,2006,73,CP CRECHE PRÉ-ESCOLA COMUNITÁRIA DOIS IRMÃOS,continuante,True
2025,2009,137,CP ABRIGO TERESA DE JESUS,continuante,True
2025,2010,141,CP CRECHE PATINHO FELIZ,continuante,True
2025,2011,80,CP SOCIEDADE CIVIL DE ASSISTÊNCIA A MENORES - CASA DA DINDA,continuante,True
2025,2012,107,CP GRUPO COMUNITÁRIO CRECHE ESCOLA TIA MAURA,continuante,True
2025,2013,57,CP CENTRO DE EDUCAÇÃO INFANTIL CRISTO REDENTOR,continuante,True
2025,2014,114,CP CRUZADA PELA INFÂNCIA DO LEME,continuante,True
2025,2015,127,CP CRECHE SANT ANNA,continuante,True
2025,2016,184,CP CASA MATERNAL MELLO MATTOS,continuante,True
2025,2018,84,CP FUNDAÇÃO CASA SANTA IGNEZ,continuante,True
2025,2019,45,CP UNIDAS - OBRAS SOCIAIS UNIDAS DE SANTA MARTA,continuante,True
2025,2020,104,CP CASA ESPÍRITA CRISTÃ MARIA DE NAZARÉ,continuante,False
2025,2022,49,CP CRECHE CHAPEUZINHO MARROM,continuante,True
2025,2024,11,CP CRECHE ESCADINHA DO SABER,continuante,True
2025,2025,238,CP CRECHE BEZERRA DE MENEZES - BOTAFOGO,continuante,True
2025,2026,63,CP CRECHE MONSENHOR FRANCA,continuante,True
2025,2028,155,CP OBRAS SOCIAIS PADRE ALEIXO,continuante,True
2025,2029,416,CP CASA DA CRIANÇA,continuante,True
2025,2031,86,CP CENTRO COMUNITÁRIO ALEGRIA DAS CRIANÇAS,continuante,True
2025,2032,71,CP PATRONATO OPERÁRIO DA GÁVEA,continuante,True
2025,2034,76,CP CENTRO SOCIAL DA MULHER UÊGA,continuante,True
2025,2035,82,CP CENTRO SOCIAL E AÍ COMO É QUE FICA ?,continuante,True
2025,2036,177,CP CRECHE BERÇÁRIO MARIA HELENA DA ROCINHA,continuante,True
2025,2037,176,CP CRECHE COMUNITÁRIA CANTINHO DA NATUREZA,continuante,True
2025,2038,45,CP CRECHE CHÁCARA DO CÉU,continuante,True
2025,2039,268,CP CRECHE ESCOLA MENINOS DE LUZ,continuante,True
2025,2040,123,CP CRECHE MARIA MARIA,continuante,True
2025,2041,80,CP CRECHE E PRÉ-ESCOLA COMUNITÁRIA DO 199 PINGO DE GENTE,continuante,True
2025,2042,133,CP CRECHE SANTA CLARA,continuante,True
2025,2043,124,CP CRECHE SANTA MÔNICA,continuante,True
2025,2044,89,CP CRECHE SÃO COSME E SÃO DAMIÃO,continuante,True
2025,2045,63,CP CREI - CENTRO DE RECUPERAÇÃO INFANTIL,continuante,True
2025,2046,207,CP ESPAÇO SANTA TEREZINHA - EST,continuante,True
2025,204601,58,CM TIA AMÁLIA,continuante,True
2025,204602,587,CM ARACY GUIMARÃES ROSA,continuante,True
2025,2047,66,CP GRUPO COMUNITÁRIO MORRO DA ALEGRIA,continuante,True
2025,2048,212,CP LAR CANTINHO FELIZ,continuante,True
2025,204804,30,EDI PROFESSORA SARITA KONDER,continuante,True
2025,204805,188,EDI CLAUDIO CAVALCANTI,continuante,True
2025,204806,133,EDI IRMA MARGARITA ALARCON,continuante,True
2025,2049,285,CP OBRA DO BERÇO,continuante,True
2025,2052,137,CP CRECHE CASA SANTA MARTA,continuante,True
2025,2053,184,CP CRECHE ESPERANÇA,continuante,True
2025,2054,78,CP UNIÃO DE MULHERES PRO-MELHORAMENTO DA ROUPA SUJA,continuante,True
2025,2055,136,CP CRECHE CASA DO POBRE DE NOSSA SENHORA DE COPACABANA,continuante,True
2025,2056,70,CP CRECHE SANTA CLARA DE ASSIS NA PROVIDÊNCIA DE DEUS,continuante,True
2025,205601,425,CM IRMÃS BAPTISTA,continuante,True
2025,205602,181,CM TIA SONIA CRISPINIANO,continuante,True
2025,2057,37,CP CENTRO EDUCACIONAL ESPERANÇA,continuante,True
2025,2058,82,CP NASCEER - NÚCLEO DE ASSIST. SOCIAL CULTURAL EDUC. ECOLÓGICO DA ROCINHA,continuante,True
2025,205801,90,EDI DONA MARCELA,continuante,True
2025,2060,138,CP ASSOCIAÇÃO CENTRO EDUCACIONAL REBRAL - ROCINHA,continuante,True
2025,2061,60,CP CRECHE INSTITUTO MACINTYRE,continuante,True
2025,2062,13,CP CENTRO EDUCACIONAL ROUPA FELIZ,continuante,False
2025,2063,66,CP CRECHE ANJOS DO BEM,continuante,True
2025,206601,74,CM DOUTOR SOBRAL PINTO,continuante,True
2025,206602,139,CM VIDIGAL,continuante,True
2025,206603,88,CM JACÓ INÁCIO GOMES,continuante,True
2025,206605,121,CM DOUTOR PEDRO BLOCH,continuante,True
2025,206606,196,CM ELZA MACHADO DOS SANTOS - TIA ELZA,continuante,True
2025,208601,82,CM CASA BRANCA - PROFESSOR PAULO FREIRE,continuante,True
2025,208603,85,CM RAÍZES DO SALGUEIRO,continuante,True
2025,208604,89,CM TIA BELA,continuante,True
2025,208605,30,CM TIA MARIA,continuante,True
2025,208606,48,CM DOUTOR RONALDO LUIZ GAZOLLA,continuante,True
2025,208607,57,CM DOS SONHOS,continuante,True
2025,208608,181,CM DOUTOR SÉRGIO AROUCA,continuante,True
2025,208801,70,EDI IGOR MORAES DA SILVA,continuante,True
2025,208803,58,EDI BOREL,continuante,True
2025,209601,101,CM PIPA NO CÉU,continuante,True
2025,209602,152,CM CANTINHO DO CÉU,continuante,True
2025,209603,46,CM GALDINO MANOEL DA SILVA,continuante,True
2025,209604,56,CM NOVA DIVINÉIA,continuante,True
2025,209605,75,CM SÃO SEBASTIÃO - ARRELIA,continuante,True
2025,209606,55,CM WINNIE MANDELA,continuante,True
2025,209607,71,CM SOLANGE MARIA MAGALHÃES,continuante,True
2025,209608,124,CM GERMINAL DA VILA,continuante,True
2025,209609,146,CM PAPA JOÃO PAULO II,continuante,True
2025,209610,92,CM FRANCISCO DE PAULA,continuante,True
2025,209803,34,EDI PROFESSORA SUELY DE PINHO CAVALCANTE,continuante,True
2025,209804,15,EDI PROFESSORA LUCIA MARIA QUITETE DE CARVALHO AMARAL,continuante,True
2025,227601,44,CM CASTELINHO,continuante,True
2025,227602,15,CM IACYRA FRAZÃO,continuante,True
2025,227801,347,EDI PROFESSORA EDIR CASEIRO RIBEIRO,continuante,True
2025,3001,161,CP ASSOCIAÇÃO PRESBITERIANA CUIDANDO DO AMANHÃ - APCA,continuante,True
2025,3002,249,CP ABRIGO MARIA IMACULADA,continuante,True
2025,3003,158,CP CASA SÃO ROQUE,continuante,True
2025,3004,85,CP CENTRO COMUNITÁRIO NOSSA SENHORA APARECIDA - CRECHE,continuante,True
2025,3005,94,CP COLÉGIO RUTH SANT ANNA / JARDIM DE INFÂNCIA CIRANDA CIRANDINHA,continuante,True
2025,3006,421,CP CRECHE CASA VIVA,continuante,True
2025,3007,85,CP CRECHE CHAMEGUINHO,continuante,True
2025,3008,105,CP CRECHE COMUNITÁRIA ELIANA SATURNINO BRAGA,continuante,True
2025,3009,46,CP CRECHE COMUNITÁRIA JOÃO FERREIRA,continuante,True
2025,3010,122,CP CRECHE ESCOLA COMUNITÁRIA MÃE SOCIAL,continuante,True
2025,3011,44,CP CRECHE DO CENTRO PASTORAL SOCIAL PADRE JUSTINO RUSSOLILLO,continuante,True
2025,3012,328,CP CRECHE MÃE DO DIVINO SALVADOR,continuante,True
2025,3013,179,CP CRECHE DO JACAREZINHO,continuante,True
2025,3014,584,CP CRECHE PLANTANDO O AMANHÃ,continuante,True
2025,3015,68,CP CRECHE MARIETTA NAVARRO GAIO,continuante,True
2025,3016,80,CP CRECHE SÃO PEDRO NOLASCO,continuante,True
2025,3017,43,CP CRECHE TERNURINHA,continuante,True
2025,3018,42,CP FRATERNIDADE ASSISTENCIAL CRISTÃ,continuante,True
2025,3019,202,CP INSTITUTO EDUCACIONAL CRESCENDO E APRENDENDO ALGODÃO DOCE,continuante,True
2025,3020,118,CP LAR DA CRIANÇA JESUS BOM PASTOR,continuante,True
2025,3021,199,CP CRECHE COMUNITÁRIA TIA ALICE,continuante,True
2025,3022,257,CP INSTITUTO AVANTE ELITE DO FUTURO,continuante,True
2025,3023,49,CP LAR DE MARIA DOLORES,continuante,True
2025,3024,191,CP CASA DE LEYLÁ,continuante,True
2025,3025,486,CP CENTRO CULTURAL EDUCAR - UNIDADE II,continuante,True
2025,3026,504,CP CHALÉ SEMENTINHA,continuante,True
2025,3027,239,CP CENTRO CULTURAL EDUCAR - UNIDADE IV,continuante,True
2025,3028,299,CP ESTRELINHA DO MAR,continuante,True
2025,3029,179,CP CRECHE BRINCANDO COM JUNINHO,continuante,True
2025,3030,65,CP CRECHE TIO KITO,continuante,True
2025,3031,110,CP ESCOLA COMUNITÁRIA JARDIM ARCO-ÍRIS - UNIDADE I,continuante,True
2025,3032,188,CP NÚCLEO RECREATIVO RAIOZINHO DE SOL,continuante,True
2025,3033,270,CP INSTITUTO EDUCACIONAL T & P CONQUISTA,continuante,True
2025,3034,129,CP CRECHE RISCO E RABISCO,continuante,True
2025,3035,76,CP CENTRO EDUCACIONAL SÃO VICENTE DE PAULO,continuante,True
2025,3036,178,CP CENTRO CULTURAL EVOLUIR,continuante,True
2025,3037,447,CP CRECHE FRUTOS DO AMANHÃ I,continuante,True
2025,3038,210,CP CRECHE FRUTOS DO AMANHÃ II,continuante,True
2025,3039,101,CP CRECHE COMUNITÁRIA CÉU AZUL,continuante,True
2025,3040,100,CP ASSOCIAÇÃO CRESCENCIO UNIDADE II,continuante,True
2025,3041,124,CP CENTRO DE DESENVOLVIMENTO INFANTIL ESPELHO D'AGUA,continuante,True
2025,312502,143,CIEP PROCÓPIO FERREIRA,continuante,True
2025,312601,228,CM CANTINHO FELIZ,continuante,True
2025,312602,244,CM ENGENHO DA RAINHA,continuante,True
2025,312603,248,CM RENASCER,continuante,True
2025,312801,186,EDI HENRIQUE FORÉIS,continuante,True
2025,312802,76,EDI LUCIA MARIA BATISTA DE ALBUQUERQUE,continuante,True
2025,312803,70,EDI PROFESSORA LUIZA HELENA MAIA MEDEIROS,continuante,True
2025,312804,129,EDI PROFESSORA TÂNIA MARTINS NOVO LENZ,continuante,True
2025,312805,273,EDI TANIA CRISTINA MOREIRA,continuante,True
2025,312806,189,EDI PROFESSORA ELIANE MONTE CHIARI DANTAS,continuante,True
2025,312809,161,EDI PROFESSORA VALÉRIA PEREIRA DE SOUZA PINTO,continuante,True
2025,312810,55,EDI MARIA MAZZETTI,continuante,True
2025,312812,152,EDI HERMENEGILDO DE BARROS,continuante,True
2025,312813,217,EDI JORNALISTA JORGE BASTOS MORENO,continuante,True
2025,313601,102,CM VILA DOS MINEIROS,continuante,True
2025,313602,76,CM ACONCHEGO,continuante,True
2025,313603,147,CM SYLVIA ORTHOF,continuante,True
2025,313604,111,CM NOSSO CANTINHO,continuante,True
2025,313606,73,CM CANTINHO DO QUETO,continuante,True
2025,313607,133,CM ODETINHA VIDAL DE OLIVEIRA,continuante,True
2025,313608,322,CM RACHEL LEITE DIAS,continuante,True
2025,313609,128,CM RECANTO DA CACHOEIRA,continuante,True
2025,313610,134,CM EMMANUEL,continuante,True
2025,313611,133,CM JOSÉ RAMOS JANUÁRIO - ZÉ PRETINHO,continuante,True
2025,313612,218,CM MARCILIA CATARINA DA COSTA ORGÉLIO - TIA MANA,continuante,True
2025,313801,101,EDI PROF. JOSÉ LIBONATI FILHO,continuante,True
2025,313802,316,EDI ANÍSIO TEIXEIRA,continuante,True
2025,313804,84,EDI GEORGE BERNANOS,continuante,True
2025,313805,160,EDI MAURÍCIO CARDOSO,continuante,True
2025,313806,28,EDI EDUCANDÁRIO DE SANTA CRUZ,continuante,True
2025,313809,123,EDI ESCULTORA LYGIA CLARK,continuante,True
2025,328601,105,CM GERALDA DE JESUS ALEIXO,continuante,True
2025,328602,214,CM TIA ANDREZA,continuante,True
2025,328604,201,CM DA COMUNIDADE DO JACAREZINHO,continuante,True
2025,328801,288,EDI PADRE NELSON CARLOS DEL MÔNACO,continuante,True
2025,329801,323,EDI DONA LINDU,continuante,True
2025,330601,220,CM JOSÉ DE VIEIRA DA SILVA,continuante,True
2025,330602,258,CM NOVA BRASÍLIA,continuante,True
2025,4001,178,CP CENTRO EDUCACIONAL APRENDIZ DA MARÉ,continuante,True
2025,4002,114,CP INSTITUTO EDUCACIONAL LUIZ ANTONIO - IELA,continuante,True
2025,4003,100,CP ASSOCIAÇÃO CIVIL CENTRO EDUCACIONAL COMUNITÁRIO ESTAÇÃO DO SABER,continuante,True
2025,4004,108,CP CRECHE DO CENTRO COMUNITÁRIO DA VILA PROLETÁRIA DA PENHA,continuante,True
2025,4005,193,CP CASA DE JOEL,continuante,True
2025,4006,92,CP COMUNIDADE INSTITUCIONAL ADULÃO TEMPO FELIZ,continuante,True
2025,4007,80,CP CRECHE CASULO BOM JESUS DA PENHA,continuante,True
2025,4008,65,CP CRECHE COMUNITÁRIA CASULO DO PARQUE PROLETÁRIO DA PENHA,continuante,True
2025,4009,59,CP CRECHE COMUNITÁRIA DE MANGUINHOS,continuante,True
2025,4010,114,CP CRECHE COMUNITÁRIA SAGRADO CORAÇÃO DE MARIA,continuante,True
2025,4011,71,CP CRECHE E PRÉ-ESCOLA NOVA JERUSALÉM,continuante,True
2025,4012,200,CP CRECHE ESCOLA MIMI I,continuante,True
2025,4013,87,CP RECANTO DA CRIANÇA FELIZ,continuante,True
2025,4014,109,CP CRECHE SAGRADO CORAÇÃO DE MARIA E SANTO ANTÔNIO,continuante,True
2025,4015,325,CP ESPAÇO DE EDUCAÇÃO INFANTIL VILA DO JOÃO,continuante,True
2025,4016,182,CP CRECHE LAR IRMÃO FRANCISCO,continuante,True
2025,4017,144,CP ASSOCIAÇÃO CENTRO EDUCACIONAL REBRAL I,continuante,True
2025,4018,149,CP SOCIEDADE DE ENSINO TEREZA CRISTINA,continuante,True
2025,4020,77,CP CENTRO CULTURAL EDUCAR,continuante,True
2025,4021,184,CP ASSOCIAÇÃO CENTRO EDUCACIONAL REBRAL II,continuante,True
2025,4022,306,CP CRECHE VALE DO SOL NO GROTÃO,continuante,True
2025,4023,106,CP CENTRO CULTURAL EDUCAR - UNIDADE III,continuante,True
2025,4024,358,CP CRECHE VALE DO SOL,continuante,True
2025,4025,189,CP CRECHE E PRÉ-ESCOLA NOVA JERUSALÉM NO CORDOVIL,continuante,True
2025,4026,40,CP CRECHE ESCOLA PATINHO ESTUDIOSO,continuante,True
2025,4027,392,CP ASSOCIAÇÃO CENTRO EDUCACIONAL REBRAL IV,continuante,True
2025,4028,92,CP CRECHE TIA NANE I,continuante,True
2025,4029,290,CP SOLZINHO,continuante,True
2025,4030,327,CP CRECHE VALE DO SOL II,continuante,True
2025,4032,377,CP ASSOCIAÇÃO CENTRO EDUCACIONAL REBRAL V,continuante,True
2025,4034,341,CP CASA DE JOEL II,continuante,True
2025,4035,178,CP INSTITUTO DE EDUCAÇÃO EUCLIDES DOS SANTOS,continuante,True
2025,4036,93,CP CRECHE GIZ COLORIDO,continuante,True
2025,4037,92,CP CRECHE ESCOLA MIMI II,continuante,True
2025,4038,227,CP ASSOCIAÇÃO CENTRO EDUCACIONAL REBRAL VIII,continuante,True
2025,4039,89,CP ASSOCIAÇÃO CENTRO EDUCACIONAL REBRAL IX,continuante,True
2025,4040,503,CP ASSOCIAÇÃO CENTRO EDUCACIONAL REBRAL X,continuante,True
2025,4041,105,CP CRECHE ESCOLA OTACÍLIO BATISTA,continuante,True
2025,4042,167,CP CENTRO CULTURAL PEDACINHO DO CÉU,continuante,True
2025,4043,104,CP ASSOCIAÇÃO COMUNITÁRIA EDUCACIONAL FLORESCER,continuante,True
2025,4044,186,CP CRECHE HOUSE BABY - BONSUCESSO,continuante,True
2025,4045,112,CP CRECHE CRIANÇA FELIZ EM LUCAS,continuante,True
2025,4046,84,CP CRECHE TIA NANE III,continuante,True
2025,4047,305,CP CRECHE VALE DO SOL III,continuante,True
2025,4048,117,CP INSTITUTO DE EDUCAÇÃO EUCLIDES DOS SANTOS II,continuante,True
2025,4049,91,CP INSTITUTO JOSEFA LAURENTINO,continuante,True
2025,4050,112,CP CENTRO EDUCACIONAL CARIOQUINHA,continuante,True
2025,410601,62,CM MANGUINHOS,continuante,True
2025,410602,27,CM DR. JUVENIL DE SOUZA LOPES,continuante,True
2025,410603,143,CM CHICO BENTO,continuante,True
2025,410801,452,EDI DOUTOR DOMINGOS ARTHUR MACHADO FILHO,continuante,True
2025,410802,187,EDI DOUTOR ANTÔNIO FERNANDES FIGUEIRA,continuante,True
2025,410803,68,EDI JOAQUIM VENÂNCIO,continuante,True
2025,410804,22,EDI SARGENTO JORGE FALEIRO SOUZA,continuante,True
2025,410805,150,EDI COMPOSITOR NEOCI DIAS DE ANDRADE,continuante,True
2025,410807,132,EDI PROFESSORA TANIA DA ROCHA CORREA,continuante,True
2025,410808,158,EDI ALMIR LEITE RIBEIRO,continuante,True
2025,410810,42,EDI MIGUEL COUTO,continuante,True
2025,411601,138,CM CARLOS DRUMMOND DE ANDRADE,continuante,True
2025,411602,94,CM TEMPO DE APRENDER,continuante,True
2025,411603,108,CM MORRO DA PAZ,continuante,True
2025,411604,11,CM BETINHO,continuante,True
2025,411605,101,CM CARACOL,continuante,True
2025,411607,5,CM MARIA ALTAMIRA C. OLEGÁRIO,continuante,True
2025,411609,31,CM TIA RUTH COSTA DOS SANTOS,continuante,True
2025,411801,208,EDI MARIANA ROCHA DE SOUZA,continuante,True
2025,411802,51,EDI JOEL LUIZ DE AZEVEDO BASTOS,continuante,True
2025,411803,96,EDI MARIA DE LOURDES FERREIRA,continuante,True
2025,411804,4,EDI MORRO DA FÉ,continuante,True
2025,430601,115,CM MENINO MALUQUINHO,continuante,True
2025,430602,377,CM VILA PINHEIRO,continuante,True
2025,430603,439,CM TIO MÁRIO,continuante,True
2025,430604,69,CM MONTEIRO LOBATO,continuante,True
2025,430605,73,CM NOVA HOLANDA,continuante,True
2025,430607,78,CM PROFESSOR PAULO FREIRE,continuante,True
2025,430801,176,"EDI PESCADOR ISIDORO DUARTE - ""DORO""",continuante,True
2025,430802,87,EDI PROFESSORA KELITA FARIA DE PAULA,continuante,True
2025,430803,60,EDI PROFESSOR MOACYR DE GÓES,continuante,True
2025,430805,178,EDI PROFESSORA SOLANGE CONCEIÇÃO TRICARICO,continuante,True
2025,430806,74,EDI CLEIA SANTOS DE OLIVEIRA,continuante,True
2025,430807,161,EDI MARIA AMÉLIA CASTRO E SILVA BELFORT,continuante,True
2025,430809,406,EDI MEDALHISTA OLÍMPICO LUIZ FELIPE MARQUES FONTELES,continuante,True
2025,430810,402,EDI MEDALHISTA OLÍMPICO EVANDRO MOTTA MARCONDES GUERRA,continuante,True
2025,430811,387,EDI MEDALHISTA OLÍMPICO WILLIAM PEIXOTO ARJONA,continuante,True
2025,430812,204,EDI MEDALHISTA OLÍMPICO EDER FRANCIS CARBONERA,continuante,True
2025,430813,82,EDI ARMANDO DE SALLES OLIVEIRA,continuante,True
2025,430815,340,EDI PESCADOR ALBANO ROSA,continuante,True
2025,431601,23,CM LUÍS CARLOS DE OLIVEIRA CÂMARA,continuante,True
2025,431602,289,CM BARBOSA LIMA SOBRINHO,continuante,True
2025,431603,104,CM CHICO MENDES,continuante,True
2025,431604,109,CM CORAÇÃO DE GENEVE,continuante,True
2025,431605,306,CM SEMPRE VIDA DIQUE,continuante,True
2025,431606,61,CM VISCONDE DE SABUGOSA,continuante,True
2025,431607,32,CM ACAUÃ,continuante,True
2025,431608,8,CM ARI PIMENTEL,continuante,True
2025,431801,26,EDI CARVALHO MOURÃO,continuante,True
2025,431802,158,EDI PROFESSOR CARLOS FALSETH,continuante,True
2025,431803,31,EDI PROFESSOR EMMANUEL PEREIRA FILHO,continuante,True
2025,5001,490,CP ASSOCIAÇÃO AMIGOS DA CRIANÇA - CRECHE ROCHA MIRANDA,continuante,True
2025,5002,116,CP CRECHE EFFATÁ,continuante,False
2025,5003,175,CP CRECHE PINTINHO DOURADO,continuante,True
2025,5004,72,CP CRECHE CASULO SÃO RAFAEL ARCANJO,continuante,True
2025,5005,147,CP CRECHE APÓSTOLO SÃO PEDRO,continuante,True
2025,5006,470,CP CRECHE CARDEAL CÂMARA,continuante,True
2025,5007,75,CP CENTRO COMUNITÁRIO FLOR DO AMANHÃ,continuante,True
2025,5008,223,CP ASSOCIAÇÃO HOUSE BABY - VILA KOSMOS,continuante,True
2025,5009,249,CP ASSOCIAÇÃO CRECHE ESPERANÇA - IRAJÁ,continuante,False
2025,5010,641,CP ASSOCIAÇÃO CENTRO EDUCACIONAL REBRAL VII,continuante,True
2025,5012,351,CP ASSOCIAÇÃO CENTRO EDUCACIONAL REBRAL XI,continuante,True
2025,5013,281,CP CENTRO EDUCACIONAL SOMAR,continuante,True
2025,5014,407,CP AEMMAC - MARECHAL HERMES,continuante,True
2025,5015,578,CP AEMMAC - ROCHA MIRANDA,continuante,True
2025,5016,338,CP ASSOCIAÇÃO EDUCACIONAL E CULTURAL SÃO BERNARDO - CSB,continuante,True
2025,514009,64,EM MATO GROSSO,continuante,True
2025,514501,46,CIEP DOM OSCAR ROMERO,continuante,True
2025,514601,72,CM TIO SEBASTIÃO XAVIER,continuante,True
2025,514602,470,CM JECIÁ DE FREITAS FERREIRA,continuante,True
2025,514603,110,CM AMÁLIA FERNANDEZ CONDE,continuante,True
2025,514604,80,CM ESTRELINHA DOURADA,continuante,True
2025,514605,149,CM O SONHO DE RAMON PASCUAL,continuante,True
2025,514606,112,CM ACALANTO,continuante,True
2025,514607,104,CM SEMENTINHA,continuante,True
2025,514608,158,CM JOSEPH BARBERA,continuante,True
2025,514609,287,CM PARQUE BOM MENINO,continuante,True
2025,514801,123,EDI DEPUTADO PEDRO FERNANDES,continuante,True
2025,514802,81,EDI LUXEMBURGO,continuante,True
2025,514803,58,EDI JOSÉ ALPOIM,continuante,True
2025,515015,80,EM PADRE DEHON,continuante,True
2025,515021,71,EM MOZART LAGO,continuante,True
2025,515046,55,EM ADELMAR TAVARES,continuante,True
2025,515053,34,EM SENADOR FRANCISCO GALLOTTI,continuante,True
2025,515064,24,EM MESTRE DARCY DO JONGO,continuante,True
2025,515501,76,CIEP AUGUSTO PINHEIRO DE CARVALHO,continuante,True
2025,515503,47,CIEP METALÚRGICO BENEDITO CERQUEIRA,continuante,True
2025,515601,102,CM OLGA BENÁRIO,continuante,True
2025,515602,339,CM SÃO MIGUEL ARCANJO,continuante,True
2025,515604,222,CM GERCINDA ROSA FONSECA,continuante,True
2025,515605,244,CM JOSÉ RAIMUNDO DE SOUZA ALVES,continuante,True
2025,515606,153,CM JOSUÉ DE CASTRO,continuante,True
2025,515607,299,CM MANÉ GARRINCHA I,continuante,True
2025,515608,128,CM MARIA JOSÉ DE PAULA DE JESUS,continuante,True
2025,515610,69,CM SEMPRE VIDA PALMEIRINHA,continuante,True
2025,515611,169,CM VOVÓ MARIA JOANA,continuante,True
2025,515612,150,CM TIA MARIA DO JONGO,continuante,True
2025,515613,189,CM MANOEL DA ROCHA APRISCO,continuante,True
2025,515801,433,EDI KARINE LORRAINE CHAGAS DE OLIVEIRA,continuante,True
2025,515802,96,EDI GUSTAVO LESSA,continuante,True
2025,515803,89,EDI PIO XII,continuante,True
2025,515804,85,EDI FERNÃO DIAS,continuante,True
2025,515805,45,EDI ROCHA POMBO,continuante,True
2025,515807,102,EDI BURITI CONGONHAS,continuante,True
2025,515808,95,EDI GUARACIARA RODRIGUES DINIZ,continuante,True
2025,515809,305,EDI PROFESSOR UBIRAJARA DE PAULA CASTRO,continuante,True
2025,515810,195,EDI PROFESSORA TEREZINHA SARDOUX HENRIQUES,continuante,True
2025,6001,295,CP ESCOLA PATRONATO NOSSA SENHORA DE NAZARÉ,continuante,True
2025,6002,197,CP CRECHE GUADALUPE,continuante,True
2025,6003,416,CP CRECHE NOSSO LAR,continuante,True
2025,6004,91,CP CENTRO COMUNITÁRIO PARQUE UNIDOS DE ACARI,continuante,True
2025,6005,132,CP CRECHE DON GUANELLA,continuante,True
2025,6006,161,CP CRECHE ESCOLA COMUNITÁRIA TIO PATINHAS,continuante,True
2025,6007,131,CP CRECHE ABRINDO PORTAS,continuante,True
2025,6009,315,CP CENTRO EDUCACIONAL NOSSA SENHORA APARECIDA,continuante,True
2025,6012,221,CP ASSOCIAÇÃO CRESCÊNCIO,continuante,True
2025,6013,279,CP CRECHE COMUNITÁRIA AQUARELA,continuante,True
2025,6015,356,CP AEMMAC - PAVUNA,continuante,True
2025,6016,368,CP CRECHE NOSSO LAR II,continuante,True
2025,6017,271,CP CRECHE JOÃO E MARIA,continuante,True
2025,6018,181,CP ASSOCIAÇÃO CRECHE ESPERANÇA - COELHO NETO,continuante,False
2025,622202,179,CIEP GENERAL AUGUSTO CESAR SANDINO,continuante,True
2025,622601,216,CM JOSÉ GOULART,continuante,True
2025,622602,176,CM SILVIO AMANCIO,continuante,True
2025,622603,239,CM YARA AMARAL,continuante,True
2025,622801,244,EDI ERNANI CARDOSO,continuante,True
2025,622802,50,EDI PROFESSORA MILTOLINA DA SILVA,continuante,True
2025,622804,302,EDI MEDALHISTA PARALÍMPICO DANIEL MARTINS,continuante,True
2025,622805,155,EDI MEDALHISTA OLÍMPICO MAURÍCIO LUIZ DE SOUZA,continuante,True
2025,622810,61,EDI ANTÔNIO FRANCISCO LISBOA,continuante,True
2025,625601,160,CM OS SABIDINHOS,continuante,True
2025,625602,193,CM PROFESSORA JUREMA GOMES SAMPAIO DELFIM,continuante,True
2025,625603,136,CM DR. ALBERT SABIN,continuante,True
2025,625604,332,CM HERBERT DE SOUZA - BETINHO,continuante,True
2025,625605,253,CM LUÍS CARLOS PRESTES,continuante,True
2025,625606,328,CM LUÍS DE SOUZA DA COSTA BARROS,continuante,True
2025,625607,382,CM LUIZA DE BARROS DE SÁ FREIRE,continuante,True
2025,625608,184,CM MAJOR CELESTINO R. DOS SANTOS,continuante,True
2025,625609,103,CM SÔNIA MARIA DE M. ANGEL JONES,continuante,True
2025,625610,110,CM ZUZU ANGEL,continuante,True
2025,625611,407,CM ZILKA SALABERRY,continuante,True
2025,625612,484,CM YEDDA MARQUES LAMOUNIER DE ANDRADE MACIEL,continuante,True
2025,625614,291,CM SIMONE DE BEAUVOIR,continuante,True
2025,625615,408,CM EDNA LOTTE,continuante,True
2025,625616,97,CM PROFESSOR ROGÉRIO PEDRO BATISTA,continuante,True
2025,625801,131,EDI PROFESSORA ROSENICE ROCHA ROQUE,continuante,True
2025,625802,325,EDI WESLEY GUILBER RODRIGUES DE ANDRADE,continuante,True
2025,625803,219,EDI PROFESSORA BEATRIZ DE SOUZA MADEIRA,continuante,True
2025,625804,270,EDI PROFESSORA HELIA LÚCIA MORENO FERREIRA,continuante,True
2025,625807,49,EDI FROTA PESSOA,continuante,True
2025,625813,22,EDI PROFESSORA GRACÍLIA ROSA DE BELÉM MAYOR,continuante,True
2025,625814,103,EDI PROFESSORA ROSEANE VASCONCELOS,continuante,True
2025,625815,165,EDI PROFESSORA KRISTINA ROMOLO KIFFER,continuante,True
2025,625816,243,EDI PROFESSORA REGINA CELI RABELO DE ALMEIDA,continuante,True
2025,625817,242,EDI PROFESSORA DANIELE SIMÕES DE SOUZA LOPES,continuante,True
2025,625818,230,EDI MARIA EUGENIA CANELHAS,continuante,True
2025,625819,253,EDI MARIZA ALVES PIMENTA,continuante,True
2025,625820,272,EDI BETH CARVALHO,continuante,True
2025,7001,219,CP CRECHE NOVO PALMARES,continuante,True
2025,7002,220,CP CRECHE CANTINHO FELIZ,continuante,True
2025,7003,658,CP CRECHE ESCOLA MÃE ASTÉRIA,continuante,True
2025,7004,201,CP CASA EMILIEN LACAY,continuante,True
2025,7007,170,CP SEMENTE DE AMOR,continuante,True
2025,7008,138,CP CRECHE SÃO PAULO APÓSTOLO,continuante,True
2025,7010,88,CP CRECHE NOVA ESPERANÇA,continuante,True
2025,7011,117,CP CRECHE RITA ALEXANDRINA FERREIRA,continuante,True
2025,7013,673,CP ESPAÇO DE EDUCAÇÃO INFANTIL CIDADE DE DEUS,continuante,True
2025,7014,712,CP CENTRO INTEGRADO SÃO JOSÉ,continuante,True
2025,7015,323,CP CRECHE CANTINHO FELIZ II,continuante,True
2025,7017,90,CP CRECHE RAIMUNDA NONATA DA SILVA,continuante,True
2025,7018,150,CP CRECHE SANT ANA IRMÃ ANCILA,continuante,True
2025,7019,291,CP JARDIM ESCOLA TURMINHA DA ARCA - JETA,continuante,True
2025,7020,260,CP JARDIM ESCOLA CRESCENDO E APRENDENDO,continuante,True
2025,7025,177,CP INSTITUTO CONSUELO PINHEIRO,continuante,True
2025,7027,207,CP CRECHE MUNDO MÁGICO I,continuante,True
2025,7034,349,CP INSTITUTO EDUCACIONAL DIVA ALVES,continuante,True
2025,7035,274,CP AEMMAC - ANIL,continuante,True
2025,7036,427,CP CAAD UNIVERSO ENCANTADO,continuante,True
2025,7037,483,CP CAAD UNIVERSO DA CRIANÇA,continuante,True
2025,7038,541,CP CAAD UNIVERSO DAS FLORES,continuante,True
2025,7039,217,CP CRECHE JARDIM CLARICE,continuante,True
2025,7040,887,CP CRECHE VALE DO SOL PRAÇA SECA,continuante,True
2025,7041,531,CP CRECHE VALE DO SOL TAQUARA,continuante,True
2025,7042,717,CP INSTITUTO EDUCACIONAL DIVA ALVES II,continuante,True
2025,7043,286,CP ESPAÇO DE EDUCAÇÃO INFANTIL PEQUENO APRENDIZ,continuante,True
2025,7044,512,CP CRECHE AMOR DE MÃE,continuante,True
2025,7045,177,CP JARDIM ESCOLA TURMINHA DA ARCA - JETA II,continuante,True
2025,716601,892,CM OTÁVIO HENRIQUE DE OLIVEIRA,continuante,True
2025,716602,121,CM TIA TEREZA,continuante,True
2025,716603,714,CM CRIANÇA DO FUTURO,continuante,True
2025,716604,198,CM GERMINIO DE SOUZA ESTRELA,continuante,True
2025,716605,384,CM SEMPRE VIDA NISE DA SILVEIRA,continuante,True
2025,716606,461,CM AMIGUINHOS DA VILA SAPÊ,continuante,True
2025,716607,322,CM EMÍLIA JOANA DA FONSECA MARQUES,continuante,True
2025,716608,276,CM IRMÃ DULCE,continuante,True
2025,716609,1217,CM RIO NOVO - RIO DAS FLORES,continuante,True
2025,716610,250,CM TIA MALU,continuante,True
2025,716611,241,CM VITORINO FREIRE,continuante,True
2025,716612,150,CM TIA AUTA,continuante,True
2025,716613,555,CM MARIA DA CONCEIÇÃO SILVEIRA DE CARVALHO,continuante,True
2025,716614,602,CM AUGUSTO DE CARVALHO TORRES FILHO,continuante,True
2025,716801,285,EDI DOUTORA ZILDA ARNS,continuante,True
2025,716802,213,EDI ARTHUR BISPO DO ROSÁRIO,continuante,True
2025,716803,323,EDI COMPOSITOR ROBERTO RIBEIRO,continuante,True
2025,716804,148,EDI RODRIGO LOPES (TIKINHO),continuante,True
2025,716805,451,EDI ANNA MARIA NIEMEYER,continuante,True
2025,716806,256,EDI PROFESSORA EDILIA COELHO GARCIA,continuante,True
2025,716807,729,EDI LEILA DINIZ,continuante,True
2025,716808,394,EDI PROFESSORA MARIA BERENICE PARENTE,continuante,True
2025,716809,243,EDI PROFESSOR ROBERTO LUIZ PEREIRA,continuante,True
2025,716812,1043,EDI ESCRITORA CLARICE LISPECTOR,nova_ou_reativada,True
2025,716813,260,EDI PROFESSORA KENIA MENDES DOS SANTOS,continuante,True
2025,716814,818,EDI PROFESSORA EMILIA MARIA VIEIRA DE OLIVEIRA,continuante,True
2025,716815,207,EDI EVARISTO DA VEIGA,continuante,True
2025,716816,240,EDI DEBRET,continuante,True
2025,716818,674,EDI PROFESSORA CLÁUDIA PIRES CONTINO DA SILVA,continuante,True
2025,716819,571,EDI PROFESSORA NORMA ANDRADE NOGUEIRA,continuante,True
2025,716820,606,EDI MEDALHISTA OLÍMPICA ÁGATHA BEDNARCZUK RIPPEL,continuante,True
2025,716821,509,EDI MEDALHISTA PARALÍMPICO FELIPE DE SOUZA GOMES,continuante,True
2025,716822,415,EDI MARCELO PARENTE GOMES DE OLIVEIRA,continuante,True
2025,716824,170,EDI PROFESSORA TEREZINHA SARAIVA,nova_ou_reativada,True
2025,724601,260,CM MARIA VIEIRA BAZANI,continuante,True
2025,724602,131,CM DINA SFAT,continuante,True
2025,724603,242,CM BENEDITA SIQUEIRA LOPES,continuante,True
2025,724604,105,CM EDSON LUIZ,continuante,True
2025,724605,267,CM SEBASTIÃO BERNARDES DE SOUZA PRATA,continuante,True
2025,724606,286,CM ROGÉRIO CARDOSO FURTADO,continuante,True
2025,724801,350,EDI MILENA SANTOS NASCIMENTO,continuante,True
2025,724802,76,EDI PORFIRIO DIAS,continuante,True
2025,724803,176,EDI VERA LUCIA MARTINS COSTA,continuante,True
2025,724804,366,EDI PROFESSORA MATILDE ROSA LOPES DE ARAUJO,continuante,True
2025,724805,100,EDI TRISTÃO DE ATHAYDE,continuante,True
2025,724806,93,EDI PROFESSORA RUTH CARDOSO,continuante,True
2025,724807,332,EDI CARMEN MIRANDA,continuante,True
2025,724808,150,EDI AMOR,continuante,True
2025,724809,72,"EDI UGOCIONE JOSÉ DE MEDEIROS ""SEU UGO""",continuante,True
2025,734601,190,CM LUZES DO AMANHÃ,continuante,True
2025,734602,122,CM MARGARIDA GABINAL,continuante,True
2025,734603,84,CM SEMPRE VIDA JOSUÉ,continuante,True
2025,734801,208,EDI JARDIM DO AMANHÃ,continuante,True
2025,734802,721,EDI SENHORA PERCILIANA PEREIRA DE ALVARENGA,continuante,True
2025,734803,97,EDI ANA CAROLINA PACHECO DA SILVA,continuante,True
2025,734804,237,EDI MARIA BERALDA,continuante,True
2025,734805,148,EDI MONSENHOR CORDIOLI,continuante,True
2025,8002,71,CP CRECHE ESPÍRITA FRANCISCO DE ASSIS,continuante,True
2025,8003,164,CP CRECHE CRIANÇA JABOUR,continuante,True
2025,8004,449,CP CRECHE COMUNITÁRIA NINO,continuante,True
2025,8005,309,CP CRECHE E ESCOLA COMUNITÁRIA GENTE INOCENTE - REALENGO,continuante,True
2025,8006,134,CP FUNDAÇÃO CASA DA JOANINHA - CRECHE,continuante,True
2025,8007,479,CP CRECHE E ESCOLA COMUNITÁRIA GENTE INOCENTE - BANGU,continuante,True
2025,8008,45,CP ASSOCIAÇÃO DE MORADORES DO CONJUNTO PEDRO I E ADJACÊNCIAS,continuante,True
2025,8009,555,CP ASSOCIAÇÃO RECREATIVA PINGUINHO DE GENTE,continuante,True
2025,8010,557,CP ASSOCIAÇÃO CENTRO EDUCACIONAL REBRAL III,continuante,True
2025,8011,202,CP ESPAÇO DE EDUCAÇÃO INFANTIL BATAN,continuante,True
2025,8013,294,CP CENTRO EDUCACIONAL LUIZA,continuante,True
2025,8014,216,"CP DO.RA., A AVENTUREIRA",continuante,True
2025,8015,205,CP CEM CRECHE ESCOLA MACHADO,continuante,False
2025,8016,454,CP ASSOCIAÇÃO CENTRO EDUCACIONAL REBRAL VI,continuante,True
2025,8017,232,CP ASSOCIAÇÃO CRECHE ESPERANÇA - REALENGO,continuante,False
2025,8018,203,CP CRECHE COMUNITÁRIA ESTRELINHA,continuante,True
2025,8019,182,CP ESCOLA COMUNITÁRIA JARDIM ARCO-ÍRIS - UNIDADE II,continuante,True
2025,8021,197,CP ASSOCIAÇÃO RECREATIVA MUNDO MÁGICO DA TIA NATY,continuante,True
2025,8022,146,CP ASSOCIAÇÃO CRECHE ESPERANÇA - MAGALHÃES BASTOS,continuante,False
2025,8023,152,CP CRECHE COMUNITÁRIA IRMÃ MARIA DE LOURDES,continuante,True
2025,8024,128,CP CEM CRECHE ESCOLA MACHADO - UNIDADE I,continuante,False
2025,8025,56,CP ASSOCIAÇÃO RECREATIVA MONIZ BARRETO,continuante,True
2025,8027,56,CP CENTRO EDUCACIONAL MUNDO DA MÔNICA,continuante,True
2025,817202,145,CIEP AMILCAR CABRAL,continuante,True
2025,817504,198,CIEP ANTONIO EVARISTO DE MORAES,continuante,True
2025,817505,103,CIEP MARECHAL JULIO CAETANO HORTA BARBOSA,continuante,True
2025,817601,403,CM JOSÉ FÉLIX,continuante,True
2025,817602,372,CM VILA PROGRESSO,continuante,True
2025,817603,376,CM DENTE DE LEITE,continuante,True
2025,817604,156,CM DRAMATURGO ALFREDO DE FREITAS DIAS GOMES,continuante,True
2025,817605,239,CM MANÉ GARRINCHA II,continuante,True
2025,817606,117,CM MEIMEI,continuante,True
2025,817607,492,CM MULHERES DO QUAFÁ,continuante,True
2025,817608,161,CM NOVA ALIANÇA,continuante,True
2025,817609,369,CM RECANTO FELIZ,continuante,True
2025,817610,128,CM SEMPRE VIDA FAZENDA COQUEIROS,continuante,True
2025,817611,99,CM TIA ELZA,continuante,True
2025,817612,398,CM VILA KENNEDY,continuante,True
2025,817613,175,CM CÉLIA ALENCAR,continuante,True
2025,817614,246,CM FAZENDA COQUEIROS II,continuante,True
2025,817615,163,CM VILA UNIÃO DA PAZ,continuante,True
2025,817616,47,CM PROFESSORA MARIA ASSUMPÇÃO,continuante,True
2025,817617,219,CM JOSÉ MANOEL IBARRA PEREZ,continuante,True
2025,817618,170,CM JANETE CLAIR,continuante,True
2025,817619,208,CM PROFESSORA REGINA MARIA DA MATTA MONTEZANO,continuante,True
2025,817801,321,EDI PROFESSORA TÂNIA MARIA LARRUBIA GOMES,continuante,True
2025,817802,145,EDI PROFESSOR REINALDO JOSÉ DE ARAGÃO BARBOSA,continuante,True
2025,817803,303,EDI JOSÉ EPHIM MINDLIN,continuante,True
2025,817804,324,EDI PROFESSORA EDITH MARQUES DE SOUZA,continuante,True
2025,817805,106,EDI RAFAEL PEREIRA DA SILVA,continuante,True
2025,817806,149,EDI PROFESSORA MARIA YEDDA LEITE LINHARES,continuante,True
2025,817807,168,EDI MARIA DO CARMO SOUZA PIRAN,continuante,True
2025,817808,377,EDI PROFESSOR ANTONIO FLAVIO PIERUCCI,continuante,True
2025,817809,64,EDI REPÚBLICA ÁRABE UNIDA,continuante,True
2025,817810,143,EDI VILA DO VINTÉM,continuante,True
2025,817814,363,EDI PROFESSORA GIOVANA BANSI,continuante,True
2025,817815,337,EDI SENHOR JOÃO GOMES,continuante,True
2025,833505,25,CIEP ARACY DE ALMEIDA (CANTORA),continuante,True
2025,833601,398,CM CASA DE REALENGO,continuante,True
2025,833602,296,CM JULINHO CACAU,continuante,True
2025,833603,287,CM SILVEIRINHA,continuante,True
2025,833801,69,EDI GESSICA GUEDES PEREIRA,continuante,True
2025,833802,139,EDI PROFESSORA ZENA ELIAN,continuante,True
2025,833803,192,EDI FREI ORLANDO,continuante,True
2025,833805,89,EDI DEODORO,continuante,True
2025,833806,324,EDI PROFESSOR CRISTIANO PINTO DE MORAES BISPO,continuante,True
2025,833807,256,EDI LUIZA PAULA DA SILVEIRA MACHADO,continuante,True
2025,833808,166,EDI PROFESSORA VANUZIA BASTOS DA SILVA,continuante,True
2025,833809,157,EDI PROFESSORA MARIA CECILIA FERREIRA,continuante,True
2025,833810,209,EDI MEDALHISTA OLÍMPICO SERGIO DUTRA DOS SANTOS,continuante,True
2025,833811,310,EDI MEDALHISTA OLÍMPICA RAFAELA LOPES SILVA,continuante,True
2025,9001,56,CP CRECHE COMUNITÁRIA SANTA RITA,continuante,True
2025,9002,40,CP CRECHE SAGRADA FAMÍLIA,continuante,True
2025,9003,47,CP CRECHE SÃO JORGE,continuante,True
2025,9004,158,CP CRECHE E PRÉ-ESCOLA CANTINHO DO SABER,continuante,True
2025,9007,17,CP INSTITUTO AVELINO - CAMPO GRANDE,continuante,True
2025,9008,60,CP CRECHE COMUNITÁRIA ANA & LU,continuante,True
2025,9009,159,CP CRECHE COMUNITÁRIA CRIANÇAS DE OURO,continuante,True
2025,9010,153,CP CRECHE JARDIM ESCOLA RIO DA PRATA,continuante,True
2025,9011,212,CP CRECHE NOVA JERUSALÉM EM CAMPO GRANDE,continuante,True
2025,9012,170,CP CRECHE COMUNITÁRIA TIA NEIDE - CAMPO GRANDE,continuante,True
2025,9013,301,CP CRECHE COMUNITÁRIA SOL DO SABER,continuante,True
2025,9014,221,CP INSTITUTO DE ENSINO AVANÇADO,continuante,True
2025,9017,236,CP ESPAÇO CRESCER,continuante,True
2025,9018,213,CP ESPAÇO DE DESENVOLVIMENTO CARIOQUINHA,continuante,True
2025,9019,121,CP ASSOCIAÇÃO DE MORADORES UNIÃO DAS BASES DE URUCÂNIA E ADJACÊNCIAS - COSMOS,continuante,True
2025,9020,56,CP ASSOCIAÇÃO DE MORADORES UNIÃO DAS BASES DE URUCÂNIA E ADJACÊNCIAS - CAMPO GRANDE,continuante,True
2025,9021,332,CP INSTITUTO CRESCER & APRENDER,continuante,True
2025,9022,237,CP ESPAÇO CRIATIVO CASTELINHO RINALDI,continuante,True
2025,9023,172,CP ESPAÇO CRIATIVO SALOMÃO,continuante,True
2025,9024,196,CP CRECHE COMUNITÁRIA DOCE INFÂNCIA,continuante,True
2025,9025,113,CP INSTITUTO Ô LUAR,continuante,True
2025,9026,207,CP CRECHE COMUNITÁRIA LEÃOZINHO FELIZ,continuante,True
2025,9027,152,CP INSTITUTO FRUTIFICAR,continuante,True
2025,9028,215,CP CRECHE COMUNITÁRIA ALÉM DO ARCO-ÍRIS,continuante,True
2025,9029,237,CP INSTITUTO CRECHE DO PAPAI,continuante,True
2025,9030,146,CP ESPAÇO DE DESENVOLVIMENTO PEDRITA,continuante,True
2025,9031,136,CP ESPAÇO CRIATIVO TURMINHA DO BAIRRO,continuante,True
2025,9032,91,CP SOLDADINHOS DE DEUS,continuante,True
2025,9033,121,CP TEMPO DE CRIANÇA,continuante,True
2025,9034,111,CP CRECHE COMUNITÁRIA ARTE DA CRIANÇA,continuante,True
2025,9035,108,CP INSTITUTO CRESCER E APRENDER - FILIAL,continuante,True
2025,9036,344,CP INSTITUTO CONSTRUINDO AMANHÃ,continuante,True
2025,9037,56,CP CRECHE COMUNITÁRIA AURINA,continuante,True
2025,9038,154,CP CEM CRECHE ESCOLA MACHADO UNIDADE II,continuante,False
2025,9039,140,CP CRECHE COMUNITÁRIA ESTRELINHA DO SABER,continuante,True
2025,9040,249,CP CRECHE E ESCOLA COMUNITARIA GENTE BAIXINHA - UNIDADE COSMOS,continuante,True
2025,9041,114,CP CRECHE COMUNITÁRIA PEQUENOS PASSOS,continuante,True
2025,9042,60,CP CRECHE PEQUENA CANAÃ,continuante,True
2025,9043,109,CP CRECHE COMUNITÁRIA RIBEIRO,continuante,True
2025,9044,250,CP CRECHE COMUNITÁRIA JARDIM FELIZ,continuante,True
2025,9045,107,CP CRECHE COMUNITÁRIA PINTANDO SONHOS,continuante,True
2025,9046,310,CP CRECHE COMUNITÁRIA URSINHO PIMPÃO,continuante,True
2025,918601,288,CM ALEGRIA DE NOVA CIDADE,continuante,True
2025,918602,126,CM VITÓRIA DA PAZ,continuante,True
2025,918603,98,CM SEMPRE VIDA ELZA RABELO DE ANDRADE,continuante,True
2025,918604,48,CM VERA PACHECO JORDÃO,continuante,True
2025,918605,99,CM SEMPRE VIDA PROFESSORA EUGENIA MARIA VELOSO MARCHESE,continuante,True
2025,918606,175,CM CECÍLIA MEIRELES,continuante,True
2025,918607,316,CM SONHO FELIZ,continuante,True
2025,918608,125,CM JARDIM MONTE SANTO,continuante,True
2025,918609,123,CM ADÉLIA VIEIRA,continuante,True
2025,918610,63,CM ESPERANÇA DO AMANHÃ,continuante,True
2025,918611,43,CM MÁRIO LOMBARDI,continuante,True
2025,918613,376,CM PROFESSORA FLORA SANTINA FERRARI BRAZ,continuante,True
2025,918614,161,CM ZÉLIA CHAUKE CURI,continuante,True
2025,918615,122,CM MARCELO CARDOSO TOMÉ,continuante,True
2025,918616,285,CM PADRE VALTER DA COSTA SANTOS,continuante,True
2025,918617,246,CM CRIANDO O FUTURO,continuante,True
2025,918618,146,CM ESPERANÇA DA VILA SÃO JORGE,continuante,True
2025,918619,400,CM RAUL CORTEZ,continuante,True
2025,918620,327,CM EMILIO IBRAHIM LÁZARO JUBRAM DIB,continuante,True
2025,918621,217,CM ELIZABETH TAVARES DE SOUZA - BETINHA,continuante,True
2025,918801,153,EDI BIANCA ROCHA TAVARES,continuante,True
2025,918802,198,EDI PINTANDO O SETE,continuante,True
2025,918803,96,EDI LUDMILA MÁXIMO MOREIRA CARDOSO,continuante,True
2025,918804,53,EDI RENAN DE SOUZA LEAL,continuante,True
2025,918805,148,EDI CANTORA CESÁRIA ÉVORA,continuante,True
2025,918806,224,EDI COMENDADOR SERAFIM SOFIA,continuante,True
2025,918807,259,EDI URBANO DE FREITAS,continuante,True
2025,918808,206,EDI PROFESSORA MARTA REGINA PERROTA,continuante,True
2025,918809,39,EDI CAMPO GRANDE,continuante,True
2025,918810,145,EDI DOM BOSCO,continuante,True
2025,918811,14,EDI ISABEL,continuante,True
2025,918812,85,EDI PROFESSOR JORGE EUCLIDES PEREIRA NUNES,continuante,True
2025,918813,184,EDI PROFESSOR MARCO ALTINO DE OLIVEIRA,continuante,True
2025,918814,177,EDI PROFESSOR NESTOR MANOEL PINTO,continuante,True
2025,918815,282,EDI PROFESSORA SIRLÉIA SILVA REIS,continuante,True
2025,918816,46,EDI PROFESSOR JOÃO FERNANDES FILHO,continuante,True
2025,918817,307,EDI PROFESSORA EUGENIA DE ALMEIDA AZEVEDO,continuante,True
2025,918818,101,EDI FRANCISCO JOSÉ DE MORAES,continuante,True
2025,918819,18,EDI JOARI,continuante,True
2025,918820,30,EDI ALMO SATURNINO,continuante,True
2025,918821,169,EDI PROFESSORA ENYR PORTILHO DE AVELLAR,continuante,True
2025,918822,241,EDI PROFESSOR ANDRÉ LUIZ GILS,continuante,True
2025,918823,147,EDI PROFESSOR DERSU GABRIEL BICEGO,continuante,True
2025,918824,228,EDI ALBERTO FERREIRA PINTO,continuante,True
2025,918825,231,EDI PROFESSORA TERESINHA DE JESUS SIQUEIRA BROWN,continuante,True
2025,918826,208,EDI PROFESSORA MARLY DOS SANTOS DE OLIVEIRA (MARLY MARINHO),continuante,True
2025,918827,178,EDI ATAULFO ALVES,continuante,True
2025,918828,241,EDI ALYRIO CAVALLIERI,continuante,True
2025,918829,143,EDI RUBEM AZEVEDO ALVES,continuante,True
2025,918830,47,EDI HENRIQUE DIAS,continuante,True
2025,918831,233,EDI ELFLODÍZIO DOS SANTOS,continuante,True
2025,918832,367,EDI PROFESSORA JACINTHA REIS FERREIRA,continuante,True
2025,918833,175,EDI PROFESSOR WILSON CHOERI,continuante,True
2025,918834,127,EDI ENGENHEIRA ELAINE MONSORES PIRES,continuante,True
2025,918835,254,EDI MEDALHISTA OLÍMPICO ARTHUR NORY OYAKAWA MARIANO,continuante,True
2025,918836,325,EDI MEDALHISTA OLÍMPICO RAFAEL CARLOS DA SILVA,continuante,True
2025,918837,333,EDI MEDALHISTA OLÍMPICO WALLACE LEANDRO DE SOUZA,continuante,True
2025,918838,100,EDI EUSTORGIO WANDERLEY,continuante,True
2025,918839,69,EDI DALILA TAVARES,continuante,True
